==================== SUMMARY begin ====================

--- [ETH] Check MAC & QR code & AC

--- [SL-AUD-ETH] HF Speaker_1 test

--- [SL-AUD-ETH] HS Speaker_2 test

--- [SL-AUD-ETH] HF Mic_1 test

--- [SL-AUD-ETH] HF Mic_2 test

--- [SL-AUD-ETH] HS Mic_3 test

--- [SL-AUD-ETH] HF Mic seal Test

==================== SUMMARY end  =====================


[INFO |05:47:33] ===Basic Info===================================================================
[INFO |05:47:33] Product       : UTP-G3-Touch-Pro
[INFO |05:47:33] MAC address   : 9041B25CA6A2
[INFO |05:47:33] QR code       : vMVhYU
[INFO |05:47:33] Activate code : 65wvxeca6
[INFO |05:47:33] FTU version   : FTU_efbb_1.0.24_3.18.16_UTP-G3-Touch-Pro
[INFO |05:47:33] System time   : 20260405T054733+08
[INFO |05:47:33] Log filename  : 9041B25CA6A2_20260405T054733+08_UniFiTalk.log
[INFO |05:47:33] FCD file      : None
[INFO |05:47:33] IPv6 address : fe80::9241:B2ff:fe5C:A6A2
[INFO |05:47:33] Python version:3.8.10 (tags/v3.8.10:3d8993a, May  3 2021, 11:48:03) [MSC v.1928 64 bit (AMD64)]
[INFO |05:47:33] ===Setup FTU====================================================================
[INFO |05:47:33] Host OS version: Windows-10-10.0.18362-SP0
[INFO |05:47:33] Clean ARP cmd:arp -d 192.168.1.20
[INFO |05:47:33] 
[INFO |05:47:33] Configure FTU environment..
[INFO |05:47:33] product ini = utp-g3-touch-pro
[INFO |05:47:33] tools_product_path = D:\FTU\FTU_efbb_1.0.24_3.18.16_UTP-G3-Touch-Pro\tools\utp-g3-touch-pro


Pinging 192.168.1.20 with 32 bytes of data:

Reply from 192.168.1.20: bytes=32 time=3ms TTL=64



Ping statistics for 192.168.1.20:

    Packets: Sent = 1, Received = 1, Lost = 0 (0% loss),

Approximate round trip times in milli-seconds:

    Minimum = 3ms, Maximum = 3ms, Average = 3ms


[INFO |05:47:33] Ping 192.168.1.20 ok. (1/3 times)


Pinging 192.168.1.20 with 32 bytes of data:

Reply from 192.168.1.20: bytes=32 time=2ms TTL=64



Ping statistics for 192.168.1.20:

    Packets: Sent = 1, Received = 1, Lost = 0 (0% loss),

Approximate round trip times in milli-seconds:

    Minimum = 2ms, Maximum = 2ms, Average = 2ms


[INFO |05:47:34] Ping 192.168.1.20 ok. (2/3 times)


Pinging 192.168.1.20 with 32 bytes of data:

Reply from 192.168.1.20: bytes=32 time=2ms TTL=64



Ping statistics for 192.168.1.20:

    Packets: Sent = 1, Received = 1, Lost = 0 (0% loss),

Approximate round trip times in milli-seconds:

    Minimum = 2ms, Maximum = 2ms, Average = 2ms


[INFO |05:47:35] Ping 192.168.1.20 ok. (3/3 times)
coding format: cp1252
ERROR: The process "adb.exe" not found.
xcmd Retry 1 due to a non-zero return code
coding format: cp1252
ERROR: The process "adb.exe" not found.
xcmd Retry 2 due to a non-zero return code
coding format: cp1252
ERROR: The process "adb.exe" not found.
xcmd Retry 3 due to a non-zero return code
coding format: cp1252
ERROR: The process "adb.exe" not found.
xcmd Retry 4 due to a non-zero return code
[INFO |05:47:36] ['ERROR: The process "adb.exe" not found.', 128]
[INFO |05:47:36] reset_device to "None"
[INFO |05:47:36] 
[INFO |05:47:36] Running: ['connect', '192.168.1.20']
D:\FTU\FTU_efbb_1.0.24_3.18.16_UTP-G3-Touch-Pro\tools\android_tool\adb.exe connect 192.168.1.20
[INFO |05:47:38] adb set device from "None" to "192.168.1.20"
[INFO |05:47:39] 
[INFO |05:47:39] Running: ['-s', '192.168.1.20', 'root']
D:\FTU\FTU_efbb_1.0.24_3.18.16_UTP-G3-Touch-Pro\tools\android_tool\adb.exe -s 192.168.1.20 root
[INFO |05:47:39] adb.root_adb() = restarting adbd as root


[INFO |05:47:40] 
[INFO |05:47:40] Running: ['-s', '192.168.1.20', 'shell', 'su', 'root', 'ls /dev/ttyACM0']
D:\FTU\FTU_efbb_1.0.24_3.18.16_UTP-G3-Touch-Pro\tools\android_tool\adb.exe -s 192.168.1.20 shell su root ls /dev/ttyACM0
[INFO |05:47:41] /dev/ttyACM0 found!!
[INFO |05:47:41] ===Run tests====================================================================
[INFO |05:47:41] Loop 1...
[INFO |05:47:41] Run [ETH] Check MAC & QR code & AC...
[DEBUG|05:47:41] [Class: CheckMACTest]
[INFO |05:47:41] 
[INFO |05:47:41] IP test config...
[INFO |05:47:41] dut           = 192.168.1.20
[INFO |05:47:41] localpc       = 192.168.1.112
[INFO |05:47:41] 
[INFO |05:47:42] read mac 1 time
[INFO |05:47:42] 
[INFO |05:47:42] Running: ['-s', '192.168.1.20', 'shell', 'su', 'root', 'ifconfig eth0']
D:\FTU\FTU_efbb_1.0.24_3.18.16_UTP-G3-Touch-Pro\tools\android_tool\adb.exe -s 192.168.1.20 shell su root ifconfig eth0
[INFO |05:47:42] rsp = eth0      Link encap:Ethernet  HWaddr 90:41:b2:5c:a6:a2  Driver lan78xx

          inet addr:192.168.1.20  Bcast:192.168.1.255  Mask:255.255.255.0 

          inet6 addr: fe80::4aba:67f3:cdf:201d/64 Scope: Link

          UP BROADCAST RUNNING MULTICAST  MTU:1500  Metric:1

          RX packets:58 errors:0 dropped:0 overruns:0 frame:0 

          TX packets:106 errors:0 dropped:0 overruns:0 carrier:0 

          collisions:0 txqueuelen:1000 

          RX bytes:5632 TX bytes:14164 




[INFO |05:47:42] got MAC, mac_dut_raw_list != []
[INFO |05:47:42] MAC
[INFO |05:47:42] mac_dut_raw  = 90:41:b2:5c:a6:a2
[INFO |05:47:42] mac_in_dut   = 9041B25CA6A2
[INFO |05:47:42] mac_expected = 9041B25CA6A2
[INFO |05:47:42] QR code
[INFO |05:47:42] 
[INFO |05:47:42] Running: ['-s', '192.168.1.20', 'shell', 'su', 'root', 'cat /mnt/vendor/persist/qr_id']
D:\FTU\FTU_efbb_1.0.24_3.18.16_UTP-G3-Touch-Pro\tools\android_tool\adb.exe -s 192.168.1.20 shell su root cat /mnt/vendor/persist/qr_id
[INFO |05:47:42] qrcode_dut_raw  = vMVhYU


[INFO |05:47:42] qrcode_in_dut   = vMVhYU
[INFO |05:47:42] qrcode_expected = vMVhYU
[INFO |05:47:42] AC code
[INFO |05:47:42] 
[INFO |05:47:42] Running: ['-s', '192.168.1.20', 'shell', 'su', 'root', 'cat /mnt/vendor/persist/ac_code']
D:\FTU\FTU_efbb_1.0.24_3.18.16_UTP-G3-Touch-Pro\tools\android_tool\adb.exe -s 192.168.1.20 shell su root cat /mnt/vendor/persist/ac_code
[INFO |05:47:42] accode_dut_raw  = 65wvxeca6


[INFO |05:47:42] accode_in_dut   = 65wvxeca6
[INFO |05:47:42] accode_expected = 65wvxeca6
[INFO |05:47:42] 
[INFO |05:47:42] results = {'accode': True, 'mac': True, 'qrcode': True}
[INFO |05:47:42] 
[INFO |05:47:42] [pass] mac_expected (9041B25CA6A2) & mac_in_dut (9041B25CA6A2) are the same
[INFO |05:47:42] [pass] qrcode_expected (vMVhYU) & qrcode_in_dut (vMVhYU) are the same
[INFO |05:47:42] [pass] accode_expected (65wvxeca6) & accode_in_dut (65wvxeca6) are the same
[INFO |05:47:42] [pass] -check_mac-
[INFO |05:47:42] Time Elapsed: 1.313 sec [101, [ETH] Check MAC & QR code & AC]
[INFO |05:47:42] 
[INFO |05:47:42]   ID  Test Name                       Count  Pass/Fail
[INFO |05:47:42] --------------------------------------------------------------------------------
[INFO |05:47:42]  101  [ETH] Check MAC & QR code & AC    1       1/0   [OK, 0]
[INFO |05:47:42] Run [SL-AUD-ETH] HF Speaker_1 test...
[INFO |05:47:42] soundcheck_rule_product = ('udw_pro', 'UTP-TOUCHMAX', 'ua-thermalscan', 'uvc-dslrbullet', 'UTP-TOUCH', 'uvc_g4bullet', 'uvc_g5bullet', 'uvc_g4dbb', 'uvc_g5dome', 'uvc_g5flex', 'ua-g2-reader-pro', 'uc_control', 'uvc_g4dbpropoe', 'uvc_aipro', 'uvc_ai_lpr', 'afi_aln_pe', 'ua_g2', 'uc_audience', 'UTP-G3-TOUCHMAX-WALL', 'UTP-G3-Touch-Pro', 'UTP-G3-Touch-Enterprise', 'uvc-ai360', 'uvc_g5ptz', 'UA-Intercom', 'UA-G3-Intercom', 'UA-Intercom-Viewer', 'UT-G3-Handset', 'ua-g2-flex', 'uvc_ai_turret', 'uvc_ai_dome', 'uvc_g6_bullet', 'uvc_g6_turret', 'uvc_g6_dome', 'uvc_g6_ins', 'UP-Alarmpad', 'ua-g3-flex', 'UCP', 'up-ai-horn-speaker-w', 'up-ai-horn-speaker-b', 'uvc_doorbell_b', 'uvc_doorbell_w', 'usl_siren_us', 'usl_siren_eu', 'uvc_g6_ptz_w', 'uvc_g6_ptz_b', 'uvc_g6_pro_bullet_w', 'uvc_g6_pro_turret_w', 'uvc_g6_pro_dome_w', 'uacc_visor', 'uvc_g6_bullet_b', 'uvc_g6_turret_b', 'uvc_g6_dome_b', 'uvc_g6_pro_bullet_b', 'uvc_g6_pro_turret_b', 'uvc_g6_pro_dome_b', 'usl_glassbreak_us', 'usl_glassbreak_eu', 'uvc_g6_180_b', 'uvc_g6_pro_360_w', 'uvc_g6_pro_360_b', 'up_siren', 'ua-retrofit-reader', 'uvc_g6_entry', 'uvc_g6_pro_entry', 'ua-g3-fingerprint')
[DEBUG|05:47:42] [Class: SpeakerTest]
[INFO |05:47:42] 
[INFO |05:47:42] audio_spk_1 test config...
[INFO |05:47:42] record_sec    = 25
[INFO |05:47:42] delay_start_record_sec = 0
[INFO |05:47:42] volume_dut    = 65
[INFO |05:47:42] src_file      = Stweep_10k-200_R40_200ms_44k_G3TouchPro.wav
[INFO |05:47:42] criterion_ini = G3TouchPro_HF_SPK_1_VN_20250314.ini
[INFO |05:47:42] ref_mic_file  = ref_mic_calibration1.txt
[INFO |05:47:42] input_device  = (Roland Rubix 22)
[INFO |05:47:42] 
[INFO |05:47:42] default_input_device: "line (2- Roland Rubix 22)"
[INFO |05:47:42] 
[INFO |05:47:42] Running: ['-s', '192.168.1.20', 'shell', 'su', 'root', 'settings put system sound_effects_enabled 0']
D:\FTU\FTU_efbb_1.0.24_3.18.16_UTP-G3-Touch-Pro\tools\android_tool\adb.exe -s 192.168.1.20 shell su root settings put system sound_effects_enabled 0
[INFO |05:47:42] rsp = 
[INFO |05:47:42] put source wav file from host(D:\FTU\FTU_efbb_1.0.24_3.18.16_UTP-G3-Touch-Pro\tools\audio\Stweep_10k-200_R40_200ms_44k_G3TouchPro.wav) to DUT(/data/Stweep_10k-200_R40_200ms_44k_G3TouchPro.wav)
[INFO |05:47:42] 
[INFO |05:47:42] Running: ['-s', '192.168.1.20', 'push', 'D:\\FTU\\FTU_efbb_1.0.24_3.18.16_UTP-G3-Touch-Pro\\tools\\audio\\Stweep_10k-200_R40_200ms_44k_G3TouchPro.wav', '/data/Stweep_10k-200_R40_200ms_44k_G3TouchPro.wav']
D:\FTU\FTU_efbb_1.0.24_3.18.16_UTP-G3-Touch-Pro\tools\android_tool\adb.exe -s 192.168.1.20 push D:\FTU\FTU_efbb_1.0.24_3.18.16_UTP-G3-Touch-Pro\tools\audio\Stweep_10k-200_R40_200ms_44k_G3TouchPro.wav /data/Stweep_10k-200_R40_200ms_44k_G3TouchPro.wav
[INFO |05:47:43] rsp = D:\FTU\FTU_efbb_1.0.24_3.18.16_UTP-G3-Touch-Pro\tools\audio\Stweep_10k-200_R40_200ms_44k_G3TouchPro.wav: 1 file pushed, 0 skipped. 1723.5 MB/s (1817018 bytes in 0.001s)


[INFO |05:47:44] 
[INFO |05:47:44] Running: ['-s', '192.168.1.20', 'shell', 'su', 'root', 'ls /data']
D:\FTU\FTU_efbb_1.0.24_3.18.16_UTP-G3-Touch-Pro\tools\android_tool\adb.exe -s 192.168.1.20 shell su root ls /data
[INFO |05:47:44] rsp = Stweep_10k-200_R40_200ms_44k_G3TouchPro.wav

adb

anr

app

app-asec

app-ephemeral

app-lib

app-private

backup

bootchart

cache

dalvik-cache

data

dpm

drm

factory

fota

local

lost+found

media

mediadrm

misc

misc_ce

misc_de

nfc

ota

ota_package

property

resource-cache

shared

ss

system

system_ce

system_de

tombstones

user

user_de

vendor

vendor_ce

vendor_de

wifi_init_cmd.sh


[INFO |05:47:44] DUT start to play
[INFO |05:47:44] get recorded wav file at D:\FTU\FTU_efbb_1.0.24_3.18.16_UTP-G3-Touch-Pro\logs\audio\9041B25CA6A2_20260405T054733+08_UniFiTalk_audio_spk_1.wav
[INFO |05:47:44] selected_model = UTP-G3-Touch-Pro
[INFO |05:47:44] input_device: (Roland Rubix 22)
[INFO |05:47:44] 
[INFO |05:47:44] Running: ['-s', '192.168.1.20', 'shell', 'su', 'root', 'mm-audio-ftm -c /vendor/etc/ftm_test_config_wcd9335 -tc 1 -d 25 -v 65 -file /data/Stweep_10k-200_R40_200ms_44k_G3TouchPro.wav']
D:\FTU\FTU_efbb_1.0.24_3.18.16_UTP-G3-Touch-Pro\tools\android_tool\adb.exe -s 192.168.1.20 shell su root mm-audio-ftm -c /vendor/etc/ftm_test_config_wcd9335 -tc 1 -d 25 -v 65 -file /data/Stweep_10k-200_R40_200ms_44k_G3TouchPro.wav
[INFO |05:47:44] Host start to record..
[INFO |05:47:44] 
[INFO |05:47:44] "_get_input_device_idx"
[INFO |05:47:44] Input Device id 0 - Microsoft Sound Mapper - Input
[INFO |05:47:44] Input Device id 1 - line (2- Roland Rubix 22)
[INFO |05:47:44] Input Device id 2 - line (Roland Rubix 22)
[INFO |05:47:44] Output Device id 3 - Microsoft Sound Mapper - Output
[INFO |05:47:44] Output Device id 4 - Digital Audio Interface (4- PMA
[INFO |05:47:44] Output Device id 5 - Digital Audio Interface (5- PMA
[INFO |05:47:44] 
[INFO |05:47:44] ["input_device"] "(Roland Rubix 22)" found, index = 2
[INFO |05:47:44] 
[INFO |05:47:44] Set default output device: (Roland Rubix 22)
[INFO |05:47:44] Unmuted device: (Roland Rubix 22)
[INFO |05:48:05] rsp = size of ftm_tc_devices_tabla = 45

size of ftm_tc_devices_sitar = 28

size of ftm_tc_devices_taiko = 43

SoundCardInfo  0 [msm8953tashalit]: msm8953-tashali - msm8953-tashalite-snd-card



soundCardName msm8953-tashalite-snd-card

Use the codec ftm_test_config file



 Conf file name /vendor/etc/ftm_test_config_wcd9335

 Test case number 1

 duration set to 25

 Volume level set to 65

 File name is /data/Stweep_10k-200_R40_200ms_44k_G3TouchPro.wav

 Call parse function to enable

Found tc 1 1 seq enable

 #Left Speaker

 Sequence for enable found

 Set SLIM RX0 MUX AIF_MIX1_PB

 Set SLIM_0_RX Channels One

 Set RX INT7_1 MIX1 INP0 RX0

 Set COMP7 Switch 1

 Set SpkrLeft COMP Switch 1

 Set SpkrLeft BOOST Switch 1

 Set SpkrLeft VISENSE Switch 1

 Set SpkrLeft SWR DAC_Port Switch 1

 Set RX7 Digital Volume 80

 Set SLIMBUS_0_RX Audio Mixer MultiMedia1 1ftm_audio_set_path: 8875



 Playback of file /data/Stweep_10k-200_R40_200ms_44k_G3TouchPro.wavFTM: audio_ftm_pcm_parse_header:256 - hdr.fmt_sz 16 hdr.bits_per_sample = 16hdr.audio_format = 1

FTM: audio_ftm_pcm_play_attach:362 - 

 audio_ftm_pcm_play_attach width 16 channels 1 sample rate 44100ftm_audio_start_file_play: call attach res = 0

audio_ftm_hw_open: flags 0 rate 44100 channels 1 period size 960

 audio_ftm_hw_iocontrol: capturedevice 0 playback 0FTM: aud_ftm_play_pcm:163 - 

 Start PlaybackFTM: aud_ftm_play_pcm:168 - EOF file reached

FTM: aud_ftm_play_pcm:186 - 

 Done with fileFTM: aud_ftm_play_pcm:194 - 

 Close the fileFTM: audio_ftm_hw_iocontrol:1020 - 

 PCM Close calledaud_ftm_common_stop: 9019



 Call parse function to disable

Found tc 1 1 seq disable

 #Left Speaker

 Sequence for disable found

 Set RX7 Digital Volume 0

 Set SLIM RX0 MUX ZERO

 Set RX INT7_1 MIX1 INP0 ZERO

 Set SLIM_0_RX Channels One

 Set COMP7 Switch 0

 Set SpkrLeft COMP Switch 0

 Set SpkrLeft BOOST Switch 0

 Set SpkrLeft VISENSE Switch 0

 Set SpkrLeft SWR DAC_Port Switch 0

 Set SLIMBUS_0_RX Audio Mixer MultiMedia1 0test 1 success


[INFO |05:48:05] DUT stop to play
[INFO |05:48:09] Host stop to record..
[INFO |05:48:09] spec_path = D:\FTU\FTU_efbb_1.0.24_3.18.16_UTP-G3-Touch-Pro\tools\UTP-G3-Touch-Pro\audio\G3TouchPro_HF_SPK_1_VN_20250314.ini
[INFO |05:48:09] [True] UTP-G3-Touch-Pro in soundcheck_rule_product = ('udw_pro', 'UTP-TOUCHMAX', 'ua-thermalscan', 'uvc-dslrbullet', 'UTP-TOUCH', 'uvc_g4bullet', 'uvc_g5bullet', 'uvc_g4dbb', 'uvc_g5dome', 'uvc_g5flex', 'ua-g2-reader-pro', 'uc_control', 'uvc_g4dbpropoe', 'uvc_aipro', 'uvc_ai_lpr', 'afi_aln_pe', 'ua_g2', 'uc_audience', 'UTP-G3-TOUCHMAX-WALL', 'UTP-G3-Touch-Pro', 'UTP-G3-Touch-Enterprise', 'uvc-ai360', 'uvc_g5ptz', 'UA-Intercom', 'UA-G3-Intercom', 'UA-Intercom-Viewer', 'UT-G3-Handset', 'ua-g2-flex', 'uvc_ai_turret', 'uvc_ai_dome', 'uvc_g6_bullet', 'uvc_g6_turret', 'uvc_g6_dome', 'uvc_g6_ins', 'UP-Alarmpad', 'ua-g3-flex', 'UCP', 'up-ai-horn-speaker-w', 'up-ai-horn-speaker-b', 'uvc_doorbell_b', 'uvc_doorbell_w', 'usl_siren_us', 'usl_siren_eu', 'uvc_g6_ptz_w', 'uvc_g6_ptz_b', 'uvc_g6_pro_bullet_w', 'uvc_g6_pro_turret_w', 'uvc_g6_pro_dome_w', 'uacc_visor', 'uvc_g6_bullet_b', 'uvc_g6_turret_b', 'uvc_g6_dome_b', 'uvc_g6_pro_bullet_b', 'uvc_g6_pro_turret_b', 'uvc_g6_pro_dome_b', 'usl_glassbreak_us', 'usl_glassbreak_eu', 'uvc_g6_180_b', 'uvc_g6_pro_360_w', 'uvc_g6_pro_360_b', 'up_siren', 'ua-retrofit-reader', 'uvc_g6_entry', 'uvc_g6_pro_entry', 'ua-g3-fingerprint')
[INFO |05:48:09] Init parameter table...
[DEBUG|05:48:09] SampleRate = 44100
[DEBUG|05:48:09] Minimum silence length = 3.00 sec
[DEBUG|05:48:09] EnablePlot = 1
[DEBUG|05:48:09] RubBuzzFlg = 1
[DEBUG|05:48:09] ComNoiseDetFlg = 1
[DEBUG|05:48:09] PopNoiseDetFlg = 1
[DEBUG|05:48:09] CNDStartFreq = 2000 Hz
[DEBUG|05:48:09] CNDEndFreq = 15000 Hz
[DEBUG|05:48:09] CNDDiffdBVal = 15.00 dB
[DEBUG|05:48:09] PNDStd = 5
[DEBUG|05:48:09] PNDThreshold = 0.18 dB
[INFO |05:48:09] Init parameter table...
[INFO |05:48:09] go with new soundcheck rule
[INFO |05:48:09] get_calibrator_dBFS = -12.098774909973145
[INFO |05:48:09] model = None
[INFO |05:48:09] input_file.channels = 1
[INFO |05:48:09] np.concatenate(y) = [-0.00045776 -0.00042725 -0.00045776 ... -0.00015259 -0.00018311
 -0.00015259]
[INFO |05:48:09] 
[INFO |05:48:09] --------------------------------------------------------------------------------
[INFO |05:48:09] --------------------------------------------------------------------------------
[INFO |05:48:09] Audio FTU version: 1.3.1
[INFO |05:48:09] mode: spk
[INFO |05:48:09] isSoundCheck: True
[INFO |05:48:09] Calibrator: 114 dBSPL map to -12.10 dBFS
[INFO |05:48:09] SAvgPwr: 46.33 dBSPL
[INFO |05:48:09] Golden_SAvgPwr: 45.00 dBSPL
[INFO |05:48:09] [PASS] SAvgPwr_Diff: 1.33 dBSPL(x < 7.00)
[INFO |05:48:09] [PASS] Locate tone: True
[INFO |05:48:09] [PASS] Silence Length:  5.11 second (x >  3.00)
[INFO |05:48:09] [PASS] ComNoiseExist: 0 (x = 0)
[INFO |05:48:09] [PASS] Component Noise: 2024~2024 Hz
[INFO |05:48:09] [PASS] Component Peak at 2024 Hz, 3.26 dBSPL, Height: 00.02 dB
[INFO |05:48:09] [PASS] PopNoiseExist: False, Pop noise density: 0.004‰
[INFO |05:48:09] FREQ: 10000 Hz
[INFO |05:48:09] [PASS]    MAGNITUDE: 99.43 (70.00 < x < 115.00)
[INFO |05:48:09] [INFO]        THD  : 0.74             
[INFO |05:48:09] [PASS]        THDPN: 0.75 (x < 50.00)
[INFO |05:48:09] FREQ: 9500 Hz
[INFO |05:48:09] [PASS]    MAGNITUDE: 98.81 (70.00 < x < 115.00)
[INFO |05:48:09] [INFO]        THD  : 0.60             
[INFO |05:48:09] [PASS]        THDPN: 0.72 (x < 50.00)
[INFO |05:48:09] FREQ: 9000 Hz
[INFO |05:48:09] [PASS]    MAGNITUDE: 102.82 (70.00 < x < 115.00)
[INFO |05:48:09] [INFO]        THD  : 0.51             
[INFO |05:48:09] [PASS]        THDPN: 0.52 (x < 50.00)
[INFO |05:48:09] FREQ: 8500 Hz
[INFO |05:48:09] [PASS]    MAGNITUDE: 106.85 (70.00 < x < 115.00)
[INFO |05:48:09] [INFO]        THD  : 0.38             
[INFO |05:48:09] [PASS]        THDPN: 0.54 (x < 50.00)
[INFO |05:48:09] FREQ: 8000 Hz
[INFO |05:48:09] [PASS]    MAGNITUDE: 104.89 (84.45 < x < 115.00)
[INFO |05:48:09] [INFO]        THD  : 0.20             
[INFO |05:48:09] [PASS]        THDPN: 0.27 (x < 50.00)
[INFO |05:48:09] FREQ: 7500 Hz
[INFO |05:48:09] [PASS]    MAGNITUDE: 105.21 (84.45 < x < 112.26)
[INFO |05:48:09] [INFO]        THD  : 0.16             
[INFO |05:48:09] [PASS]        THDPN: 0.30 (x < 50.00)
[INFO |05:48:09] FREQ: 7100 Hz
[INFO |05:48:09] [PASS]    MAGNITUDE: 103.73 (99.26 < x < 112.19)
[INFO |05:48:09] [INFO]        THD  : 2.05             
[INFO |05:48:09] [PASS]        THDPN: 2.09 (x < 10.00)
[INFO |05:48:09] FREQ: 6700 Hz
[INFO |05:48:09] [PASS]    MAGNITUDE: 105.89 (99.90 < x < 111.46)
[INFO |05:48:09] [INFO]        THD  : 1.07             
[INFO |05:48:09] [PASS]        THDPN: 1.13 (x < 10.00)
[INFO |05:48:09] FREQ: 6300 Hz
[INFO |05:48:09] [PASS]    MAGNITUDE: 107.37 (100.70 < x < 112.46)
[INFO |05:48:09] [INFO]        THD  : 0.88             
[INFO |05:48:09] [PASS]        THDPN: 0.92 (x < 10.00)
[INFO |05:48:09] FREQ: 6000 Hz
[INFO |05:48:09] [PASS]    MAGNITUDE: 108.19 (100.14 < x < 112.70)
[INFO |05:48:09] [INFO]        THD  : 0.44             
[INFO |05:48:09] [PASS]        THDPN: 0.56 (x < 10.00)
[INFO |05:48:09] FREQ: 5600 Hz
[INFO |05:48:09] [PASS]    MAGNITUDE: 109.61 (99.86 < x < 111.86)
[INFO |05:48:09] [INFO]        THD  : 0.60             
[INFO |05:48:09] [PASS]        THDPN: 0.64 (x < 10.00)
[INFO |05:48:09] FREQ: 5300 Hz
[INFO |05:48:09] [PASS]    MAGNITUDE: 109.71 (99.82 < x < 111.74)
[INFO |05:48:09] [INFO]        THD  : 0.69             
[INFO |05:48:09] [PASS]        THDPN: 0.76 (x < 10.00)
[INFO |05:48:09] FREQ: 5000 Hz
[INFO |05:48:09] [PASS]    MAGNITUDE: 110.38 (102.09 < x < 114.05)
[INFO |05:48:09] [INFO]        THD  : 0.42             
[INFO |05:48:09] [PASS]        THDPN: 0.57 (x < 10.00)
[INFO |05:48:09] FREQ: 4750 Hz
[INFO |05:48:09] [PASS]    MAGNITUDE: 112.41 (103.83 < x < 115.66)
[INFO |05:48:09] [INFO]        THD  : 0.25             
[INFO |05:48:09] [PASS]        THDPN: 0.36 (x < 10.00)
[INFO |05:48:09] FREQ: 4500 Hz
[INFO |05:48:09] [PASS]    MAGNITUDE: 113.23 (105.93 < x < 117.64)
[INFO |05:48:09] [INFO]        THD  : 0.23             
[INFO |05:48:09] [PASS]        THDPN: 0.24 (x < 10.00)
[INFO |05:48:09] FREQ: 4250 Hz
[INFO |05:48:09] [PASS]    MAGNITUDE: 113.64 (106.98 < x < 118.81)
[INFO |05:48:09] [INFO]        THD  : 0.11             
[INFO |05:48:09] [PASS]        THDPN: 0.37 (x < 10.00)
[INFO |05:48:09] FREQ: 4000 Hz
[INFO |05:48:09] [PASS]    MAGNITUDE: 115.05 (109.40 < x < 121.12)
[INFO |05:48:09] [INFO]        THD  : 0.32             
[INFO |05:48:09] [PASS]        THDPN: 0.45 (x < 10.00)
[INFO |05:48:09] FREQ: 3750 Hz
[INFO |05:48:09] [PASS]    MAGNITUDE: 115.53 (111.08 < x < 121.99)
[INFO |05:48:09] [INFO]        THD  : 0.25             
[INFO |05:48:09] [PASS]        THDPN: 0.43 (x < 10.00)
[INFO |05:48:09] FREQ: 3550 Hz
[INFO |05:48:09] [PASS]    MAGNITUDE: 114.84 (111.19 < x < 122.25)
[INFO |05:48:09] [INFO]        THD  : 0.19             
[INFO |05:48:09] [PASS]        THDPN: 0.28 (x < 10.00)
[INFO |05:48:09] FREQ: 3350 Hz
[INFO |05:48:09] [PASS]    MAGNITUDE: 114.92 (110.91 < x < 122.03)
[INFO |05:48:09] [INFO]        THD  : 0.23             
[INFO |05:48:09] [PASS]        THDPN: 0.34 (x < 10.00)
[INFO |05:48:09] FREQ: 3150 Hz
[INFO |05:48:09] [PASS]    MAGNITUDE: 114.43 (109.33 < x < 121.64)
[INFO |05:48:09] [INFO]        THD  : 0.28             
[INFO |05:48:09] [PASS]        THDPN: 0.42 (x < 10.00)
[INFO |05:48:09] FREQ: 3000 Hz
[INFO |05:48:09] [PASS]    MAGNITUDE: 112.99 (109.22 < x < 121.01)
[INFO |05:48:09] [INFO]        THD  : 0.35             
[INFO |05:48:09] [PASS]        THDPN: 0.49 (x < 10.00)
[INFO |05:48:09] FREQ: 2800 Hz
[INFO |05:48:09] [PASS]    MAGNITUDE: 111.62 (106.83 < x < 118.38)
[INFO |05:48:09] [INFO]        THD  : 0.40             
[INFO |05:48:09] [PASS]        THDPN: 0.45 (x < 10.00)
[INFO |05:48:09] FREQ: 2650 Hz
[INFO |05:48:09] [PASS]    MAGNITUDE: 112.70 (105.28 < x < 116.94)
[INFO |05:48:09] [INFO]        THD  : 0.30             
[INFO |05:48:09] [PASS]        THDPN: 0.37 (x < 10.00)
[INFO |05:48:09] FREQ: 2500 Hz
[INFO |05:48:09] [PASS]    MAGNITUDE: 113.21 (105.14 < x < 116.70)
[INFO |05:48:09] [INFO]        THD  : 0.32             
[INFO |05:48:09] [PASS]        THDPN: 0.41 (x < 10.00)
[INFO |05:48:09] FREQ: 2360 Hz
[INFO |05:48:09] [PASS]    MAGNITUDE: 111.55 (105.40 < x < 116.68)
[INFO |05:48:09] [INFO]        THD  : 0.37             
[INFO |05:48:09] [PASS]        THDPN: 0.53 (x < 10.00)
[INFO |05:48:09] FREQ: 2240 Hz
[INFO |05:48:09] [PASS]    MAGNITUDE: 111.44 (105.78 < x < 116.93)
[INFO |05:48:09] [INFO]        THD  : 0.37             
[INFO |05:48:09] [PASS]        THDPN: 0.44 (x < 10.00)
[INFO |05:48:09] FREQ: 2120 Hz
[INFO |05:48:09] [PASS]    MAGNITUDE: 112.15 (106.05 < x < 117.17)
[INFO |05:48:09] [INFO]        THD  : 0.38             
[INFO |05:48:09] [PASS]        THDPN: 0.41 (x < 10.00)
[INFO |05:48:09] FREQ: 2000 Hz
[INFO |05:48:09] [PASS]    MAGNITUDE: 110.97 (105.30 < x < 116.59)
[INFO |05:48:09] [INFO]        THD  : 0.56             
[INFO |05:48:09] [PASS]        THDPN: 0.61 (x < 10.00)
[INFO |05:48:09] [PASS]        RNB  : 0.05 (x < 2.00)
[INFO |05:48:09] [INFO]        RNBPN: 0.19             
[INFO |05:48:09] FREQ: 1900 Hz
[INFO |05:48:09] [PASS]    MAGNITUDE: 109.64 (103.09 < x < 114.40)
[INFO |05:48:09] [INFO]        THD  : 0.71             
[INFO |05:48:09] [PASS]        THDPN: 0.82 (x < 10.00)
[INFO |05:48:09] [PASS]        RNB  : 0.01 (x < 2.00)
[INFO |05:48:09] [INFO]        RNBPN: 0.41             
[INFO |05:48:09] FREQ: 1800 Hz
[INFO |05:48:09] [PASS]    MAGNITUDE: 110.24 (103.18 < x < 114.50)
[INFO |05:48:09] [INFO]        THD  : 0.73             
[INFO |05:48:09] [PASS]        THDPN: 0.80 (x < 10.00)
[INFO |05:48:09] [PASS]        RNB  : 0.12 (x < 2.00)
[INFO |05:48:09] [INFO]        RNBPN: 0.25             
[INFO |05:48:09] FREQ: 1700 Hz
[INFO |05:48:09] [PASS]    MAGNITUDE: 107.72 (102.56 < x < 113.95)
[INFO |05:48:09] [INFO]        THD  : 0.97             
[INFO |05:48:09] [PASS]        THDPN: 1.05 (x < 10.00)
[INFO |05:48:09] [PASS]        RNB  : 0.16 (x < 2.00)
[INFO |05:48:09] [INFO]        RNBPN: 0.19             
[INFO |05:48:09] FREQ: 1600 Hz
[INFO |05:48:09] [PASS]    MAGNITUDE: 107.58 (102.01 < x < 113.03)
[INFO |05:48:09] [INFO]        THD  : 0.83             
[INFO |05:48:09] [PASS]        THDPN: 0.91 (x < 10.00)
[INFO |05:48:09] [PASS]        RNB  : 0.17 (x < 2.00)
[INFO |05:48:09] [INFO]        RNBPN: 0.32             
[INFO |05:48:09] FREQ: 1500 Hz
[INFO |05:48:09] [PASS]    MAGNITUDE: 107.62 (101.42 < x < 112.70)
[INFO |05:48:09] [INFO]        THD  : 0.80             
[INFO |05:48:09] [PASS]        THDPN: 0.90 (x < 10.00)
[INFO |05:48:09] [PASS]        RNB  : 0.18 (x < 2.00)
[INFO |05:48:09] [INFO]        RNBPN: 0.38             
[INFO |05:48:09] FREQ: 1400 Hz
[INFO |05:48:09] [PASS]    MAGNITUDE: 106.24 (99.60 < x < 111.27)
[INFO |05:48:09] [INFO]        THD  : 1.08             
[INFO |05:48:09] [PASS]        THDPN: 1.12 (x < 10.00)
[INFO |05:48:09] [PASS]        RNB  : 0.24 (x < 2.00)
[INFO |05:48:09] [INFO]        RNBPN: 0.25             
[INFO |05:48:09] FREQ: 1320 Hz
[INFO |05:48:09] [PASS]    MAGNITUDE: 105.27 (99.72 < x < 111.49)
[INFO |05:48:09] [INFO]        THD  : 1.53             
[INFO |05:48:09] [PASS]        THDPN: 1.58 (x < 10.00)
[INFO |05:48:09] [PASS]        RNB  : 0.12 (x < 2.00)
[INFO |05:48:09] [INFO]        RNBPN: 0.31             
[INFO |05:48:09] FREQ: 1250 Hz
[INFO |05:48:09] [PASS]    MAGNITUDE: 106.20 (100.34 < x < 112.30)
[INFO |05:48:09] [INFO]        THD  : 1.65             
[INFO |05:48:09] [PASS]        THDPN: 1.69 (x < 10.00)
[INFO |05:48:09] [PASS]        RNB  : 0.18 (x < 2.00)
[INFO |05:48:09] [INFO]        RNBPN: 0.25             
[INFO |05:48:09] FREQ: 1180 Hz
[INFO |05:48:09] [PASS]    MAGNITUDE: 104.71 (98.90 < x < 110.73)
[INFO |05:48:09] [INFO]        THD  : 1.13             
[INFO |05:48:09] [PASS]        THDPN: 1.20 (x < 10.00)
[INFO |05:48:09] [PASS]        RNB  : 0.12 (x < 2.00)
[INFO |05:48:09] [INFO]        RNBPN: 0.32             
[INFO |05:48:09] FREQ: 1120 Hz
[INFO |05:48:09] [PASS]    MAGNITUDE: 106.91 (101.48 < x < 113.22)
[INFO |05:48:09] [INFO]        THD  : 1.00             
[INFO |05:48:09] [PASS]        THDPN: 1.04 (x < 10.00)
[INFO |05:48:09] [PASS]        RNB  : 0.12 (x < 2.00)
[INFO |05:48:09] [INFO]        RNBPN: 0.18             
[INFO |05:48:09] FREQ: 1060 Hz
[INFO |05:48:09] [PASS]    MAGNITUDE: 106.85 (97.98 < x < 110.12)
[INFO |05:48:09] [INFO]        THD  : 1.44             
[INFO |05:48:09] [PASS]        THDPN: 1.51 (x < 10.00)
[INFO |05:48:09] [PASS]        RNB  : 0.02 (x < 2.00)
[INFO |05:48:09] [INFO]        RNBPN: 0.41             
[INFO |05:48:09] FREQ: 1000 Hz
[INFO |05:48:09] [PASS]    MAGNITUDE: 108.15 (100.80 < x < 113.23)
[INFO |05:48:09] [INFO]        THD  : 1.29             
[INFO |05:48:09] [PASS]        THDPN: 1.32 (x < 10.00)
[INFO |05:48:09] [PASS]        RNB  : 0.07 (x < 2.00)
[INFO |05:48:09] [INFO]        RNBPN: 0.18             
[INFO |05:48:09] FREQ: 950 Hz
[INFO |05:48:09] [PASS]    MAGNITUDE: 105.79 (101.31 < x < 113.32)
[INFO |05:48:09] [INFO]        THD  : 1.43             
[INFO |05:48:09] [PASS]        THDPN: 1.49 (x < 15.00)
[INFO |05:48:09] [PASS]        RNB  : 0.07 (x < 2.00)
[INFO |05:48:09] [INFO]        RNBPN: 0.30             
[INFO |05:48:09] FREQ: 900 Hz
[INFO |05:48:09] [PASS]    MAGNITUDE: 104.47 (100.07 < x < 111.98)
[INFO |05:48:09] [INFO]        THD  : 1.60             
[INFO |05:48:09] [PASS]        THDPN: 1.67 (x < 15.00)
[INFO |05:48:09] [PASS]        RNB  : 0.07 (x < 2.00)
[INFO |05:48:09] [INFO]        RNBPN: 0.34             
[INFO |05:48:09] FREQ: 850 Hz
[INFO |05:48:09] [PASS]    MAGNITUDE: 107.14 (101.39 < x < 112.94)
[INFO |05:48:09] [INFO]        THD  : 1.12             
[INFO |05:48:09] [PASS]        THDPN: 1.16 (x < 15.00)
[INFO |05:48:09] [PASS]        RNB  : 0.05 (x < 2.00)
[INFO |05:48:09] [INFO]        RNBPN: 0.15             
[INFO |05:48:09] FREQ: 800 Hz
[INFO |05:48:09] [PASS]    MAGNITUDE: 106.25 (99.58 < x < 111.40)
[INFO |05:48:09] [INFO]        THD  : 0.91             
[INFO |05:48:09] [PASS]        THDPN: 1.01 (x < 15.00)
[INFO |05:48:09] [PASS]        RNB  : 0.09 (x < 2.00)
[INFO |05:48:09] [INFO]        RNBPN: 0.34             
[INFO |05:48:09] FREQ: 750 Hz
[INFO |05:48:09] [PASS]    MAGNITUDE: 107.32 (100.97 < x < 113.36)
[INFO |05:48:09] [INFO]        THD  : 1.18             
[INFO |05:48:09] [PASS]        THDPN: 1.24 (x < 15.00)
[INFO |05:48:09] [PASS]        RNB  : 0.05 (x < 3.00)
[INFO |05:48:09] [INFO]        RNBPN: 0.28             
[INFO |05:48:09] FREQ: 710 Hz
[INFO |05:48:09] [PASS]    MAGNITUDE: 106.61 (102.14 < x < 114.62)
[INFO |05:48:09] [INFO]        THD  : 1.11             
[INFO |05:48:09] [PASS]        THDPN: 1.15 (x < 30.00)
[INFO |05:48:09] [PASS]        RNB  : 0.09 (x < 3.00)
[INFO |05:48:09] [INFO]        RNBPN: 0.16             
[INFO |05:48:09] FREQ: 670 Hz
[INFO |05:48:09] [PASS]    MAGNITUDE: 105.98 (99.81 < x < 113.16)
[INFO |05:48:09] [INFO]        THD  : 1.21             
[INFO |05:48:09] [PASS]        THDPN: 1.27 (x < 30.00)
[INFO |05:48:09] [PASS]        RNB  : 0.11 (x < 3.00)
[INFO |05:48:09] [INFO]        RNBPN: 0.29             
[INFO |05:48:09] FREQ: 630 Hz
[INFO |05:48:09] [PASS]    MAGNITUDE: 106.78 (102.32 < x < 114.89)
[INFO |05:48:09] [INFO]        THD  : 1.25             
[INFO |05:48:09] [PASS]        THDPN: 1.35 (x < 30.00)
[INFO |05:48:09] [PASS]        RNB  : 0.06 (x < 3.00)
[INFO |05:48:09] [INFO]        RNBPN: 0.34             
[INFO |05:48:09] FREQ: 600 Hz
[INFO |05:48:09] [PASS]    MAGNITUDE: 106.99 (102.51 < x < 114.94)
[INFO |05:48:09] [INFO]        THD  : 2.60             
[INFO |05:48:09] [PASS]        THDPN: 2.68 (x < 30.00)
[INFO |05:48:09] [PASS]        RNB  : 0.09 (x < 3.00)
[INFO |05:48:09] [INFO]        RNBPN: 0.29             
[INFO |05:48:09] FREQ: 560 Hz
[INFO |05:48:09] [PASS]    MAGNITUDE: 110.96 (104.76 < x < 117.31)
[INFO |05:48:09] [INFO]        THD  : 3.35             
[INFO |05:48:09] [PASS]        THDPN: 3.43 (x < 30.00)
[INFO |05:48:09] [PASS]        RNB  : 0.11 (x < 3.00)
[INFO |05:48:09] [INFO]        RNBPN: 0.17             
[INFO |05:48:09] FREQ: 530 Hz
[INFO |05:48:09] [PASS]    MAGNITUDE: 113.11 (106.93 < x < 119.02)
[INFO |05:48:09] [INFO]        THD  : 5.73             
[INFO |05:48:09] [PASS]        THDPN: 5.78 (x < 30.00)
[INFO |05:48:09] [PASS]        RNB  : 0.09 (x < 3.00)
[INFO |05:48:09] [INFO]        RNBPN: 0.29             
[INFO |05:48:09] FREQ: 500 Hz
[INFO |05:48:09] [PASS]    MAGNITUDE: 113.21 (107.01 < x < 118.53)
[INFO |05:48:09] [INFO]        THD  : 11.04             
[INFO |05:48:09] [PASS]        THDPN: 11.13 (x < 100.00)
[INFO |05:48:09] [PASS]        RNB  : 0.02 (x < 3.00)
[INFO |05:48:09] [INFO]        RNBPN: 0.46             
[INFO |05:48:09] FREQ: 475 Hz
[INFO |05:48:09] [PASS]    MAGNITUDE: 113.74 (108.08 < x < 118.83)
[INFO |05:48:09] [INFO]        THD  : 12.65             
[INFO |05:48:09] [PASS]        THDPN: 12.79 (x < 100.00)
[INFO |05:48:09] [PASS]        RNB  : 0.11 (x < 6.00)
[INFO |05:48:09] [INFO]        RNBPN: 0.34             
[INFO |05:48:09] FREQ: 450 Hz
[INFO |05:48:09] [PASS]    MAGNITUDE: 112.84 (107.07 < x < 117.98)
[INFO |05:48:09] [INFO]        THD  : 13.48             
[INFO |05:48:09] [PASS]        THDPN: 13.62 (x < 100.00)
[INFO |05:48:09] [PASS]        RNB  : 0.09 (x < 6.00)
[INFO |05:48:09] [INFO]        RNBPN: 0.32             
[INFO |05:48:09] FREQ: 425 Hz
[INFO |05:48:09] [PASS]    MAGNITUDE: 110.51 (104.93 < x < 116.11)
[INFO |05:48:09] [INFO]        THD  : 14.91             
[INFO |05:48:09] [PASS]        THDPN: 15.02 (x < 100.00)
[INFO |05:48:09] [PASS]        RNB  : 0.02 (x < 6.00)
[INFO |05:48:09] [INFO]        RNBPN: 0.48             
[INFO |05:48:09] FREQ: 400 Hz
[INFO |05:48:09] [PASS]    MAGNITUDE: 110.20 (104.37 < x < 115.69)
[INFO |05:48:09] [INFO]        THD  : 13.09             
[INFO |05:48:09] [PASS]        THDPN: 13.16 (x < 100.00)
[INFO |05:48:09] [PASS]        RNB  : 0.06 (x < 6.00)
[INFO |05:48:09] [INFO]        RNBPN: 0.25             
[INFO |05:48:09] FREQ: 375 Hz
[INFO |05:48:09] [PASS]    MAGNITUDE: 108.78 (102.45 < x < 113.82)
[INFO |05:48:09] [INFO]        THD  : 12.55             
[INFO |05:48:09] [PASS]        THDPN: 12.59 (x < 100.00)
[INFO |05:48:09] [PASS]        RNB  : 0.07 (x < 6.00)
[INFO |05:48:09] [INFO]        RNBPN: 0.25             
[INFO |05:48:09] FREQ: 355 Hz
[INFO |05:48:09] [PASS]    MAGNITUDE: 107.27 (100.69 < x < 112.35)
[INFO |05:48:09] [INFO]        THD  : 10.19             
[INFO |05:48:09] [PASS]        THDPN: 10.22 (x < 100.00)
[INFO |05:48:09] [PASS]        RNB  : 0.13 (x < 6.00)
[INFO |05:48:09] [INFO]        RNBPN: 0.31             
[INFO |05:48:09] FREQ: 335 Hz
[INFO |05:48:09] [PASS]    MAGNITUDE: 104.97 (98.02 < x < 109.88)
[INFO |05:48:09] [INFO]        THD  : 11.18             
[INFO |05:48:09] [PASS]        THDPN: 11.19 (x < 100.00)
[INFO |05:48:09] [PASS]        RNB  : 0.17 (x < 6.00)
[INFO |05:48:09] [INFO]        RNBPN: 0.34             
[INFO |05:48:09] FREQ: 315 Hz
[INFO |05:48:09] [PASS]    MAGNITUDE: 102.28 (94.78 < x < 106.71)
[INFO |05:48:09] [INFO]        THD  : 9.82             
[INFO |05:48:09] [PASS]        THDPN: 9.84 (x < 100.00)
[INFO |05:48:09] [PASS]        RNB  : 0.23 (x < 6.00)
[INFO |05:48:09] [INFO]        RNBPN: 0.46             
[INFO |05:48:09] FREQ: 300 Hz
[INFO |05:48:09] [PASS]    MAGNITUDE: 100.93 (93.07 < x < 104.99)
[INFO |05:48:09] [INFO]        THD  : 9.03             
[INFO |05:48:09] [PASS]        THDPN: 9.06 (x < 100.00)
[INFO |05:48:09] [PASS]        RNB  : 0.29 (x < 6.00)
[INFO |05:48:09] [INFO]        RNBPN: 0.48             
[INFO |05:48:09] FREQ: 280 Hz
[INFO |05:48:09] [PASS]    MAGNITUDE: 99.78 (91.91 < x < 103.67)
[INFO |05:48:09] [INFO]        THD  : 9.80             
[INFO |05:48:09] [PASS]        THDPN: 9.82 (x < 100.00)
[INFO |05:48:09] [PASS]        RNB  : 0.39 (x < 15.00)
[INFO |05:48:09] [INFO]        RNBPN: 0.57             
[INFO |05:48:09] FREQ: 265 Hz
[INFO |05:48:09] [PASS]    MAGNITUDE: 97.53 (90.12 < x < 101.72)
[INFO |05:48:09] [INFO]        THD  : 10.74             
[INFO |05:48:09] [PASS]        THDPN: 10.77 (x < 100.00)
[INFO |05:48:09] [PASS]        RNB  : 0.32 (x < 15.00)
[INFO |05:48:09] [INFO]        RNBPN: 0.62             
[INFO |05:48:09] FREQ: 250 Hz
[INFO |05:48:09] [PASS]    MAGNITUDE: 95.74 (88.73 < x < 100.25)
[INFO |05:48:09] [INFO]        THD  : 13.00             
[INFO |05:48:09] [PASS]        THDPN: 13.03 (x < 100.00)
[INFO |05:48:09] [PASS]        RNB  : 0.43 (x < 15.00)
[INFO |05:48:09] [INFO]        RNBPN: 0.75             
[INFO |05:48:09] FREQ: 236 Hz
[INFO |05:48:09] [PASS]    MAGNITUDE: 93.55 (87.06 < x < 98.51)
[INFO |05:48:09] [INFO]        THD  : 18.75             
[INFO |05:48:09] [PASS]        THDPN: 18.79 (x < 100.00)
[INFO |05:48:09] [PASS]        RNB  : 0.54 (x < 15.00)
[INFO |05:48:09] [INFO]        RNBPN: 0.92             
[INFO |05:48:09] FREQ: 224 Hz
[INFO |05:48:09] [PASS]    MAGNITUDE: 91.48 (85.74 < x < 97.01)
[INFO |05:48:09] [INFO]        THD  : 29.73             
[INFO |05:48:09] [PASS]        THDPN: 29.78 (x < 100.00)
[INFO |05:48:09] [PASS]        RNB  : 0.61 (x < 15.00)
[INFO |05:48:09] [INFO]        RNBPN: 1.20             
[INFO |05:48:09] FREQ: 212 Hz
[INFO |05:48:09] [PASS]    MAGNITUDE: 89.63 (84.62 < x < 95.84)
[INFO |05:48:09] [INFO]        THD  : 39.69             
[INFO |05:48:09] [PASS]        THDPN: 39.75 (x < 100.00)
[INFO |05:48:09] [PASS]        RNB  : 0.56 (x < 15.00)
[INFO |05:48:09] [INFO]        RNBPN: 1.23             
[INFO |05:48:09] FREQ: 200 Hz
[INFO |05:48:09] [PASS]    MAGNITUDE: 88.44 (83.13 < x < 94.41)
[INFO |05:48:09] [INFO]        THD  : 47.21             
[INFO |05:48:09] [PASS]        THDPN: 47.33 (x < 100.00)
[INFO |05:48:09] [PASS]        RNB  : 0.67 (x < 15.00)
[INFO |05:48:09] [INFO]        RNBPN: 1.78             
[INFO |05:48:09] ---END--------------------------------------------------------------------------
[INFO |05:48:09] 
[INFO |05:48:09] ==============================
[INFO |05:48:09] Test Result: PASS
[INFO |05:48:09] ==============================
[INFO |05:48:09] 
[INFO |05:48:09] 
[INFO |05:48:09] [pass] -audio_spk_1_test-
[INFO |05:48:09] Time Elapsed: 26.904 sec [501, [SL-AUD-ETH] HF Speaker_1 test]
[INFO |05:48:09] 
[INFO |05:48:09]   ID  Test Name                       Count  Pass/Fail
[INFO |05:48:09] --------------------------------------------------------------------------------
[INFO |05:48:09]  501  [SL-AUD-ETH] HF Speaker_1 test    1       1/0   [OK, 0]
[INFO |05:48:09] Run [SL-AUD-ETH] HS Speaker_2 test...
[INFO |05:48:09] soundcheck_rule_product = ('udw_pro', 'UTP-TOUCHMAX', 'ua-thermalscan', 'uvc-dslrbullet', 'UTP-TOUCH', 'uvc_g4bullet', 'uvc_g5bullet', 'uvc_g4dbb', 'uvc_g5dome', 'uvc_g5flex', 'ua-g2-reader-pro', 'uc_control', 'uvc_g4dbpropoe', 'uvc_aipro', 'uvc_ai_lpr', 'afi_aln_pe', 'ua_g2', 'uc_audience', 'UTP-G3-TOUCHMAX-WALL', 'UTP-G3-Touch-Pro', 'UTP-G3-Touch-Enterprise', 'uvc-ai360', 'uvc_g5ptz', 'UA-Intercom', 'UA-G3-Intercom', 'UA-Intercom-Viewer', 'UT-G3-Handset', 'ua-g2-flex', 'uvc_ai_turret', 'uvc_ai_dome', 'uvc_g6_bullet', 'uvc_g6_turret', 'uvc_g6_dome', 'uvc_g6_ins', 'UP-Alarmpad', 'ua-g3-flex', 'UCP', 'up-ai-horn-speaker-w', 'up-ai-horn-speaker-b', 'uvc_doorbell_b', 'uvc_doorbell_w', 'usl_siren_us', 'usl_siren_eu', 'uvc_g6_ptz_w', 'uvc_g6_ptz_b', 'uvc_g6_pro_bullet_w', 'uvc_g6_pro_turret_w', 'uvc_g6_pro_dome_w', 'uacc_visor', 'uvc_g6_bullet_b', 'uvc_g6_turret_b', 'uvc_g6_dome_b', 'uvc_g6_pro_bullet_b', 'uvc_g6_pro_turret_b', 'uvc_g6_pro_dome_b', 'usl_glassbreak_us', 'usl_glassbreak_eu', 'uvc_g6_180_b', 'uvc_g6_pro_360_w', 'uvc_g6_pro_360_b', 'up_siren', 'ua-retrofit-reader', 'uvc_g6_entry', 'uvc_g6_pro_entry', 'ua-g3-fingerprint')
[DEBUG|05:48:09] [Class: SpeakerTest]
[INFO |05:48:09] 
[INFO |05:48:09] audio_spk_2 test config...
[INFO |05:48:09] record_sec    = 25
[INFO |05:48:09] delay_start_record_sec = 0
[INFO |05:48:09] volume_dut    = 62
[INFO |05:48:09] src_file      = Stweep_10k-200_R40_200ms_44k_G3TouchPro.wav
[INFO |05:48:09] criterion_ini = G3TouchPro_HS_SPK_2_VN_20240504.ini
[INFO |05:48:09] ref_mic_file  = ref_mic_calibration2.txt
[INFO |05:48:09] input_device  = (2- Roland Rubix 22)
[INFO |05:48:09] 
[INFO |05:48:09] default_input_device: "line (2- Roland Rubix 22)"
[INFO |05:48:09] 
[INFO |05:48:09] Running: ['-s', '192.168.1.20', 'shell', 'su', 'root', 'settings put system sound_effects_enabled 0']
D:\FTU\FTU_efbb_1.0.24_3.18.16_UTP-G3-Touch-Pro\tools\android_tool\adb.exe -s 192.168.1.20 shell su root settings put system sound_effects_enabled 0
[INFO |05:48:09] rsp = 
[INFO |05:48:09] put source wav file from host(D:\FTU\FTU_efbb_1.0.24_3.18.16_UTP-G3-Touch-Pro\tools\audio\Stweep_10k-200_R40_200ms_44k_G3TouchPro.wav) to DUT(/data/Stweep_10k-200_R40_200ms_44k_G3TouchPro.wav)
[INFO |05:48:09] 
[INFO |05:48:09] Running: ['-s', '192.168.1.20', 'push', 'D:\\FTU\\FTU_efbb_1.0.24_3.18.16_UTP-G3-Touch-Pro\\tools\\audio\\Stweep_10k-200_R40_200ms_44k_G3TouchPro.wav', '/data/Stweep_10k-200_R40_200ms_44k_G3TouchPro.wav']
D:\FTU\FTU_efbb_1.0.24_3.18.16_UTP-G3-Touch-Pro\tools\android_tool\adb.exe -s 192.168.1.20 push D:\FTU\FTU_efbb_1.0.24_3.18.16_UTP-G3-Touch-Pro\tools\audio\Stweep_10k-200_R40_200ms_44k_G3TouchPro.wav /data/Stweep_10k-200_R40_200ms_44k_G3TouchPro.wav
[INFO |05:48:10] rsp = D:\FTU\FTU_efbb_1.0.24_3.18.16_UTP-G3-Touch-Pro\tools\audio\Stweep_10k-200_R40_200ms_44k_G3TouchPro.wav: 1 file pushed, 0 skipped. 1733.4 MB/s (1817018 bytes in 0.001s)


[INFO |05:48:10] 
[INFO |05:48:10] Running: ['-s', '192.168.1.20', 'shell', 'su', 'root', 'ls /data']
D:\FTU\FTU_efbb_1.0.24_3.18.16_UTP-G3-Touch-Pro\tools\android_tool\adb.exe -s 192.168.1.20 shell su root ls /data
[INFO |05:48:10] rsp = Stweep_10k-200_R40_200ms_44k_G3TouchPro.wav

adb

anr

app

app-asec

app-ephemeral

app-lib

app-private

backup

bootchart

cache

dalvik-cache

data

dpm

drm

factory

fota

local

lost+found

media

mediadrm

misc

misc_ce

misc_de

nfc

ota

ota_package

property

resource-cache

shared

ss

system

system_ce

system_de

tombstones

user

user_de

vendor

vendor_ce

vendor_de

wifi_init_cmd.sh


[INFO |05:48:10] DUT start to play
[INFO |05:48:10] get recorded wav file at D:\FTU\FTU_efbb_1.0.24_3.18.16_UTP-G3-Touch-Pro\logs\audio\9041B25CA6A2_20260405T054733+08_UniFiTalk_audio_spk_2.wav
[INFO |05:48:10] selected_model = UTP-G3-Touch-Pro
[INFO |05:48:10] input_device: (2- Roland Rubix 22)
[INFO |05:48:10] 
[INFO |05:48:10] Running: ['-s', '192.168.1.20', 'shell', 'su', 'root', 'mm-audio-ftm -c /vendor/etc/ftm_test_config_wcd9335 -tc 51 -d 25 -v 62 -file /data/Stweep_10k-200_R40_200ms_44k_G3TouchPro.wav']
D:\FTU\FTU_efbb_1.0.24_3.18.16_UTP-G3-Touch-Pro\tools\android_tool\adb.exe -s 192.168.1.20 shell su root mm-audio-ftm -c /vendor/etc/ftm_test_config_wcd9335 -tc 51 -d 25 -v 62 -file /data/Stweep_10k-200_R40_200ms_44k_G3TouchPro.wav
[INFO |05:48:10] Host start to record..
[INFO |05:48:10] 
[INFO |05:48:10] "_get_input_device_idx"
[INFO |05:48:10] Input Device id 0 - Microsoft Sound Mapper - Input
[INFO |05:48:10] Input Device id 1 - line (2- Roland Rubix 22)
[INFO |05:48:10] Input Device id 2 - line (Roland Rubix 22)
[INFO |05:48:10] Output Device id 3 - Microsoft Sound Mapper - Output
[INFO |05:48:10] Output Device id 4 - Digital Audio Interface (4- PMA
[INFO |05:48:10] Output Device id 5 - Digital Audio Interface (5- PMA
[INFO |05:48:10] 
[INFO |05:48:10] ["input_device"] "(2- Roland Rubix 22)" found, index = 1
[INFO |05:48:10] 
[INFO |05:48:10] Set default output device: (2- Roland Rubix 22)
[INFO |05:48:10] Unmuted device: (2- Roland Rubix 22)
[INFO |05:48:31] rsp = size of ftm_tc_devices_tabla = 45

size of ftm_tc_devices_sitar = 28

size of ftm_tc_devices_taiko = 43

SoundCardInfo  0 [msm8953tashalit]: msm8953-tashali - msm8953-tashalite-snd-card



soundCardName msm8953-tashalite-snd-card

Use the codec ftm_test_config file



 Conf file name /vendor/etc/ftm_test_config_wcd9335

 Test case number 51

 duration set to 25

 Volume level set to 62

 File name is /data/Stweep_10k-200_R40_200ms_44k_G3TouchPro.wav

 Call parse function to enable

Found tc 51 1 seq enable

 #Handset

 Sequence for enable found

 Set SLIM RX0 MUX AIF_MIX1_PB

 Set SLIM_0_RX Channels One

 Set RX INT0_1 MIX1 INP0 RX0

 Set RX INT0 DEM MUX CLSH_DSM_OUT

 Set RX0 Digital Volume 76

 Set EAR PA Gain G_6_DB

 Set SLIMBUS_0_RX Audio Mixer MultiMedia1 1ftm_audio_set_path: 8875



 Playback of file /data/Stweep_10k-200_R40_200ms_44k_G3TouchPro.wavFTM: audio_ftm_pcm_parse_header:256 - hdr.fmt_sz 16 hdr.bits_per_sample = 16hdr.audio_format = 1

FTM: audio_ftm_pcm_play_attach:362 - 

 audio_ftm_pcm_play_attach width 16 channels 1 sample rate 44100ftm_audio_start_file_play: call attach res = 0

audio_ftm_hw_open: flags 0 rate 44100 channels 1 period size 960

 audio_ftm_hw_iocontrol: capturedevice 0 playback 0FTM: aud_ftm_play_pcm:163 - 

 Start PlaybackFTM: aud_ftm_play_pcm:168 - EOF file reached

FTM: aud_ftm_play_pcm:186 - 

 Done with fileFTM: aud_ftm_play_pcm:194 - 

 Close the fileFTM: audio_ftm_hw_iocontrol:1020 - 

 PCM Close calledaud_ftm_common_stop: 9019



 Call parse function to disable

Found tc 51 1 seq disable

 #Handset

 Sequence for disable found

 Set RX0 Digital Volume 0

 Set SLIMBUS_0_RX Audio Mixer MultiMedia1 0

 Set SLIM_0_RX Channels One

 Set SLIM RX0 MUX ZERO

 Set RX INT0_1 MIX1 INP0 ZEROtest 51 success


[INFO |05:48:31] DUT stop to play
[INFO |05:48:35] Host stop to record..
[INFO |05:48:35] spec_path = D:\FTU\FTU_efbb_1.0.24_3.18.16_UTP-G3-Touch-Pro\tools\UTP-G3-Touch-Pro\audio\G3TouchPro_HS_SPK_2_VN_20240504.ini
[INFO |05:48:35] [True] UTP-G3-Touch-Pro in soundcheck_rule_product = ('udw_pro', 'UTP-TOUCHMAX', 'ua-thermalscan', 'uvc-dslrbullet', 'UTP-TOUCH', 'uvc_g4bullet', 'uvc_g5bullet', 'uvc_g4dbb', 'uvc_g5dome', 'uvc_g5flex', 'ua-g2-reader-pro', 'uc_control', 'uvc_g4dbpropoe', 'uvc_aipro', 'uvc_ai_lpr', 'afi_aln_pe', 'ua_g2', 'uc_audience', 'UTP-G3-TOUCHMAX-WALL', 'UTP-G3-Touch-Pro', 'UTP-G3-Touch-Enterprise', 'uvc-ai360', 'uvc_g5ptz', 'UA-Intercom', 'UA-G3-Intercom', 'UA-Intercom-Viewer', 'UT-G3-Handset', 'ua-g2-flex', 'uvc_ai_turret', 'uvc_ai_dome', 'uvc_g6_bullet', 'uvc_g6_turret', 'uvc_g6_dome', 'uvc_g6_ins', 'UP-Alarmpad', 'ua-g3-flex', 'UCP', 'up-ai-horn-speaker-w', 'up-ai-horn-speaker-b', 'uvc_doorbell_b', 'uvc_doorbell_w', 'usl_siren_us', 'usl_siren_eu', 'uvc_g6_ptz_w', 'uvc_g6_ptz_b', 'uvc_g6_pro_bullet_w', 'uvc_g6_pro_turret_w', 'uvc_g6_pro_dome_w', 'uacc_visor', 'uvc_g6_bullet_b', 'uvc_g6_turret_b', 'uvc_g6_dome_b', 'uvc_g6_pro_bullet_b', 'uvc_g6_pro_turret_b', 'uvc_g6_pro_dome_b', 'usl_glassbreak_us', 'usl_glassbreak_eu', 'uvc_g6_180_b', 'uvc_g6_pro_360_w', 'uvc_g6_pro_360_b', 'up_siren', 'ua-retrofit-reader', 'uvc_g6_entry', 'uvc_g6_pro_entry', 'ua-g3-fingerprint')
[INFO |05:48:35] Init parameter table...
[DEBUG|05:48:35] SampleRate = 44100
[DEBUG|05:48:35] Minimum silence length = 3.00 sec
[DEBUG|05:48:35] EnablePlot = 1
[DEBUG|05:48:35] RubBuzzFlg = 1
[DEBUG|05:48:35] ComNoiseDetFlg = 1
[DEBUG|05:48:35] PopNoiseDetFlg = 1
[DEBUG|05:48:35] CNDStartFreq = 2000 Hz
[DEBUG|05:48:35] CNDEndFreq = 15000 Hz
[DEBUG|05:48:35] CNDDiffdBVal = 15.00 dB
[DEBUG|05:48:35] PNDStd = 5
[DEBUG|05:48:35] PNDThreshold = 0.18 dB
[INFO |05:48:35] Init parameter table...
[INFO |05:48:35] go with new soundcheck rule
[INFO |05:48:35] get_calibrator_dBFS = -12.135697603225708
[INFO |05:48:35] model = None
[INFO |05:48:35] input_file.channels = 1
[INFO |05:48:35] np.concatenate(y) = [ 0.00021362  0.00021362  0.00018311 ... -0.0020752  -0.0020752
 -0.0020752 ]
[INFO |05:48:35] 
[INFO |05:48:35] --------------------------------------------------------------------------------
[INFO |05:48:35] --------------------------------------------------------------------------------
[INFO |05:48:35] Audio FTU version: 1.3.1
[INFO |05:48:35] mode: spk
[INFO |05:48:35] isSoundCheck: True
[INFO |05:48:35] Calibrator: 114 dBSPL map to -12.14 dBFS
[INFO |05:48:35] SAvgPwr: 71.02 dBSPL
[INFO |05:48:35] Golden_SAvgPwr: 70.00 dBSPL
[INFO |05:48:35] [PASS] SAvgPwr_Diff: 1.02 dBSPL(x < 7.00)
[INFO |05:48:35] [PASS] Locate tone: True
[INFO |05:48:35] [PASS] Silence Length:  5.12 second (x >  3.00)
[INFO |05:48:35] [PASS] ComNoiseExist: 0 (x = 0)
[INFO |05:48:35] [PASS] Component Noise: 2067~2185 Hz
[INFO |05:48:35] [PASS] Component Peak at 2110 Hz, 3.44 dBSPL, Height: 00.41 dB
[INFO |05:48:35] [PASS] PopNoiseExist: False, Pop noise density: 0.004‰
[INFO |05:48:35] FREQ: 10000 Hz
[INFO |05:48:35] [PASS]    MAGNITUDE: 102.93 (85.00 < x < 111.71)
[INFO |05:48:35] [INFO]        THD  : 2.30             
[INFO |05:48:35] [PASS]        THDPN: 2.30 (x < 10.00)
[INFO |05:48:35] FREQ: 9500 Hz
[INFO |05:48:35] [PASS]    MAGNITUDE: 95.85 (85.00 < x < 111.71)
[INFO |05:48:35] [INFO]        THD  : 1.44             
[INFO |05:48:35] [PASS]        THDPN: 1.49 (x < 10.00)
[INFO |05:48:35] FREQ: 9000 Hz
[INFO |05:48:35] [PASS]    MAGNITUDE: 98.94 (85.00 < x < 111.71)
[INFO |05:48:35] [INFO]        THD  : 0.32             
[INFO |05:48:35] [PASS]        THDPN: 0.33 (x < 10.00)
[INFO |05:48:35] FREQ: 8500 Hz
[INFO |05:48:35] [PASS]    MAGNITUDE: 99.72 (85.00 < x < 111.71)
[INFO |05:48:35] [INFO]        THD  : 0.10             
[INFO |05:48:35] [PASS]        THDPN: 0.40 (x < 10.00)
[INFO |05:48:35] FREQ: 8000 Hz
[INFO |05:48:35] [PASS]    MAGNITUDE: 101.45 (85.00 < x < 111.71)
[INFO |05:48:35] [INFO]        THD  : 0.05             
[INFO |05:48:35] [PASS]        THDPN: 0.20 (x < 10.00)
[INFO |05:48:35] FREQ: 7500 Hz
[INFO |05:48:35] [PASS]    MAGNITUDE: 103.48 (85.00 < x < 111.71)
[INFO |05:48:35] [INFO]        THD  : 0.21             
[INFO |05:48:35] [PASS]        THDPN: 0.30 (x < 10.00)
[INFO |05:48:35] FREQ: 7100 Hz
[INFO |05:48:35] [PASS]    MAGNITUDE: 103.24 (95.85 < x < 111.71)
[INFO |05:48:35] [INFO]        THD  : 0.17             
[INFO |05:48:35] [PASS]        THDPN: 0.43 (x < 10.00)
[INFO |05:48:35] FREQ: 6700 Hz
[INFO |05:48:35] [PASS]    MAGNITUDE: 104.53 (95.75 < x < 111.71)
[INFO |05:48:35] [INFO]        THD  : 0.11             
[INFO |05:48:35] [PASS]        THDPN: 0.38 (x < 10.00)
[INFO |05:48:35] FREQ: 6300 Hz
[INFO |05:48:35] [PASS]    MAGNITUDE: 107.06 (99.38 < x < 111.71)
[INFO |05:48:35] [INFO]        THD  : 0.11             
[INFO |05:48:35] [PASS]        THDPN: 0.28 (x < 10.00)
[INFO |05:48:35] FREQ: 6000 Hz
[INFO |05:48:35] [PASS]    MAGNITUDE: 108.21 (100.73 < x < 112.33)
[INFO |05:48:35] [INFO]        THD  : 0.14             
[INFO |05:48:35] [PASS]        THDPN: 0.37 (x < 10.00)
[INFO |05:48:35] FREQ: 5600 Hz
[INFO |05:48:35] [PASS]    MAGNITUDE: 110.26 (103.41 < x < 114.43)
[INFO |05:48:35] [INFO]        THD  : 0.13             
[INFO |05:48:35] [PASS]        THDPN: 0.27 (x < 10.00)
[INFO |05:48:35] FREQ: 5300 Hz
[INFO |05:48:35] [PASS]    MAGNITUDE: 110.88 (104.53 < x < 114.99)
[INFO |05:48:35] [INFO]        THD  : 0.14             
[INFO |05:48:35] [PASS]        THDPN: 0.36 (x < 10.00)
[INFO |05:48:35] FREQ: 5000 Hz
[INFO |05:48:35] [PASS]    MAGNITUDE: 112.24 (105.81 < x < 115.82)
[INFO |05:48:35] [INFO]        THD  : 0.28             
[INFO |05:48:35] [PASS]        THDPN: 0.48 (x < 10.00)
[INFO |05:48:35] FREQ: 4750 Hz
[INFO |05:48:35] [PASS]    MAGNITUDE: 113.72 (107.92 < x < 118.05)
[INFO |05:48:35] [INFO]        THD  : 0.29             
[INFO |05:48:35] [PASS]        THDPN: 0.39 (x < 10.00)
[INFO |05:48:35] FREQ: 4500 Hz
[INFO |05:48:35] [PASS]    MAGNITUDE: 114.72 (108.72 < x < 119.03)
[INFO |05:48:35] [INFO]        THD  : 0.23             
[INFO |05:48:35] [PASS]        THDPN: 0.24 (x < 10.00)
[INFO |05:48:35] FREQ: 4250 Hz
[INFO |05:48:35] [PASS]    MAGNITUDE: 114.90 (108.84 < x < 119.28)
[INFO |05:48:35] [INFO]        THD  : 0.22             
[INFO |05:48:35] [PASS]        THDPN: 0.28 (x < 10.00)
[INFO |05:48:35] FREQ: 4000 Hz
[INFO |05:48:35] [PASS]    MAGNITUDE: 115.07 (108.74 < x < 119.31)
[INFO |05:48:35] [INFO]        THD  : 0.24             
[INFO |05:48:35] [PASS]        THDPN: 0.37 (x < 10.00)
[INFO |05:48:35] FREQ: 3750 Hz
[INFO |05:48:35] [PASS]    MAGNITUDE: 114.54 (108.31 < x < 118.95)
[INFO |05:48:35] [INFO]        THD  : 0.22             
[INFO |05:48:35] [PASS]        THDPN: 0.40 (x < 10.00)
[INFO |05:48:35] FREQ: 3550 Hz
[INFO |05:48:35] [PASS]    MAGNITUDE: 113.01 (107.60 < x < 118.17)
[INFO |05:48:35] [INFO]        THD  : 0.19             
[INFO |05:48:35] [PASS]        THDPN: 0.27 (x < 10.00)
[INFO |05:48:35] FREQ: 3350 Hz
[INFO |05:48:35] [PASS]    MAGNITUDE: 111.04 (106.02 < x < 116.75)
[INFO |05:48:35] [INFO]        THD  : 0.18             
[INFO |05:48:35] [PASS]        THDPN: 0.28 (x < 10.00)
[INFO |05:48:35] FREQ: 3150 Hz
[INFO |05:48:35] [PASS]    MAGNITUDE: 108.54 (103.30 < x < 114.03)
[INFO |05:48:35] [INFO]        THD  : 0.11             
[INFO |05:48:35] [PASS]        THDPN: 0.30 (x < 10.00)
[INFO |05:48:35] FREQ: 3000 Hz
[INFO |05:48:35] [PASS]    MAGNITUDE: 107.06 (102.46 < x < 113.22)
[INFO |05:48:35] [INFO]        THD  : 0.38             
[INFO |05:48:35] [PASS]        THDPN: 0.45 (x < 10.00)
[INFO |05:48:35] FREQ: 2800 Hz
[INFO |05:48:35] [PASS]    MAGNITUDE: 105.51 (100.87 < x < 111.61)
[INFO |05:48:35] [INFO]        THD  : 1.02             
[INFO |05:48:35] [PASS]        THDPN: 1.03 (x < 10.00)
[INFO |05:48:35] FREQ: 2650 Hz
[INFO |05:48:35] [PASS]    MAGNITUDE: 104.22 (99.40 < x < 110.06)
[INFO |05:48:35] [INFO]        THD  : 0.63             
[INFO |05:48:35] [PASS]        THDPN: 0.66 (x < 10.00)
[INFO |05:48:35] FREQ: 2500 Hz
[INFO |05:48:35] [PASS]    MAGNITUDE: 103.02 (98.08 < x < 108.77)
[INFO |05:48:35] [INFO]        THD  : 0.54             
[INFO |05:48:35] [PASS]        THDPN: 0.60 (x < 10.00)
[INFO |05:48:35] FREQ: 2360 Hz
[INFO |05:48:35] [PASS]    MAGNITUDE: 102.73 (98.03 < x < 108.73)
[INFO |05:48:35] [INFO]        THD  : 0.47             
[INFO |05:48:35] [PASS]        THDPN: 0.53 (x < 10.00)
[INFO |05:48:35] FREQ: 2240 Hz
[INFO |05:48:35] [PASS]    MAGNITUDE: 103.03 (98.03 < x < 108.42)
[INFO |05:48:35] [INFO]        THD  : 0.43             
[INFO |05:48:35] [PASS]        THDPN: 0.45 (x < 10.00)
[INFO |05:48:35] FREQ: 2120 Hz
[INFO |05:48:35] [PASS]    MAGNITUDE: 102.87 (97.74 < x < 107.99)
[INFO |05:48:35] [INFO]        THD  : 0.44             
[INFO |05:48:35] [PASS]        THDPN: 0.47 (x < 10.00)
[INFO |05:48:35] FREQ: 2000 Hz
[INFO |05:48:35] [PASS]    MAGNITUDE: 101.85 (96.83 < x < 106.94)
[INFO |05:48:35] [INFO]        THD  : 0.60             
[INFO |05:48:35] [PASS]        THDPN: 0.64 (x < 10.00)
[INFO |05:48:35] [PASS]        RNB  : 0.01 (x < 1.00)
[INFO |05:48:35] [INFO]        RNBPN: 0.19             
[INFO |05:48:35] FREQ: 1900 Hz
[INFO |05:48:35] [PASS]    MAGNITUDE: 100.05 (95.07 < x < 105.04)
[INFO |05:48:35] [INFO]        THD  : 0.73             
[INFO |05:48:35] [PASS]        THDPN: 0.83 (x < 10.00)
[INFO |05:48:35] [PASS]        RNB  : 0.00 (x < 1.00)
[INFO |05:48:35] [INFO]        RNBPN: 0.39             
[INFO |05:48:35] FREQ: 1800 Hz
[INFO |05:48:35] [PASS]    MAGNITUDE: 100.24 (95.57 < x < 105.42)
[INFO |05:48:35] [INFO]        THD  : 1.01             
[INFO |05:48:35] [PASS]        THDPN: 1.04 (x < 10.00)
[INFO |05:48:35] [PASS]        RNB  : 0.01 (x < 1.00)
[INFO |05:48:35] [INFO]        RNBPN: 0.22             
[INFO |05:48:35] FREQ: 1700 Hz
[INFO |05:48:35] [PASS]    MAGNITUDE: 99.63 (95.10 < x < 104.99)
[INFO |05:48:35] [INFO]        THD  : 1.40             
[INFO |05:48:35] [PASS]        THDPN: 1.41 (x < 10.00)
[INFO |05:48:35] [PASS]        RNB  : 0.02 (x < 1.00)
[INFO |05:48:35] [INFO]        RNBPN: 0.09             
[INFO |05:48:35] FREQ: 1600 Hz
[INFO |05:48:35] [PASS]    MAGNITUDE: 98.27 (93.80 < x < 103.90)
[INFO |05:48:35] [INFO]        THD  : 1.92             
[INFO |05:48:35] [PASS]        THDPN: 1.95 (x < 10.00)
[INFO |05:48:35] [PASS]        RNB  : 0.04 (x < 1.00)
[INFO |05:48:35] [INFO]        RNBPN: 0.28             
[INFO |05:48:35] FREQ: 1500 Hz
[INFO |05:48:35] [PASS]    MAGNITUDE: 97.38 (93.24 < x < 103.38)
[INFO |05:48:35] [INFO]        THD  : 2.48             
[INFO |05:48:35] [PASS]        THDPN: 2.51 (x < 10.00)
[INFO |05:48:35] [PASS]        RNB  : 0.04 (x < 1.00)
[INFO |05:48:35] [INFO]        RNBPN: 0.33             
[INFO |05:48:35] FREQ: 1400 Hz
[INFO |05:48:35] [PASS]    MAGNITUDE: 96.73 (92.50 < x < 102.92)
[INFO |05:48:35] [INFO]        THD  : 3.06             
[INFO |05:48:35] [PASS]        THDPN: 3.06 (x < 10.00)
[INFO |05:48:35] [PASS]        RNB  : 0.04 (x < 1.00)
[INFO |05:48:35] [INFO]        RNBPN: 0.10             
[INFO |05:48:35] FREQ: 1320 Hz
[INFO |05:48:35] [PASS]    MAGNITUDE: 95.19 (90.96 < x < 101.41)
[INFO |05:48:35] [INFO]        THD  : 3.55             
[INFO |05:48:35] [PASS]        THDPN: 3.57 (x < 10.00)
[INFO |05:48:35] [PASS]        RNB  : 0.04 (x < 1.00)
[INFO |05:48:35] [INFO]        RNBPN: 0.29             
[INFO |05:48:35] FREQ: 1250 Hz
[INFO |05:48:35] [PASS]    MAGNITUDE: 95.50 (91.35 < x < 101.75)
[INFO |05:48:35] [INFO]        THD  : 3.58             
[INFO |05:48:35] [PASS]        THDPN: 3.60 (x < 10.00)
[INFO |05:48:35] [PASS]        RNB  : 0.05 (x < 1.00)
[INFO |05:48:35] [INFO]        RNBPN: 0.16             
[INFO |05:48:35] FREQ: 1180 Hz
[INFO |05:48:35] [PASS]    MAGNITUDE: 94.29 (90.30 < x < 100.79)
[INFO |05:48:35] [INFO]        THD  : 3.01             
[INFO |05:48:35] [PASS]        THDPN: 3.05 (x < 10.00)
[INFO |05:48:35] [PASS]        RNB  : 0.05 (x < 1.00)
[INFO |05:48:35] [INFO]        RNBPN: 0.30             
[INFO |05:48:35] FREQ: 1120 Hz
[INFO |05:48:35] [PASS]    MAGNITUDE: 94.75 (90.53 < x < 101.12)
[INFO |05:48:35] [INFO]        THD  : 2.53             
[INFO |05:48:35] [PASS]        THDPN: 2.57 (x < 10.00)
[INFO |05:48:35] [PASS]        RNB  : 0.05 (x < 1.00)
[INFO |05:48:35] [INFO]        RNBPN: 0.11             
[INFO |05:48:35] FREQ: 1060 Hz
[INFO |05:48:35] [PASS]    MAGNITUDE: 92.52 (88.65 < x < 99.36)
[INFO |05:48:35] [INFO]        THD  : 2.22             
[INFO |05:48:35] [PASS]        THDPN: 2.31 (x < 10.00)
[INFO |05:48:35] [PASS]        RNB  : 0.02 (x < 1.00)
[INFO |05:48:35] [INFO]        RNBPN: 0.40             
[INFO |05:48:35] FREQ: 1000 Hz
[INFO |05:48:35] [PASS]    MAGNITUDE: 94.10 (90.08 < x < 100.83)
[INFO |05:48:35] [INFO]        THD  : 1.73             
[INFO |05:48:35] [PASS]        THDPN: 1.82 (x < 10.00)
[INFO |05:48:35] [PASS]        RNB  : 0.07 (x < 1.00)
[INFO |05:48:35] [INFO]        RNBPN: 0.16             
[INFO |05:48:35] FREQ: 950 Hz
[INFO |05:48:35] [PASS]    MAGNITUDE: 93.08 (89.05 < x < 99.89)
[INFO |05:48:35] [INFO]        THD  : 1.46             
[INFO |05:48:35] [PASS]        THDPN: 1.59 (x < 10.00)
[INFO |05:48:35] [PASS]        RNB  : 0.10 (x < 1.00)
[INFO |05:48:35] [INFO]        RNBPN: 0.28             
[INFO |05:48:35] FREQ: 900 Hz
[INFO |05:48:35] [PASS]    MAGNITUDE: 91.96 (87.65 < x < 98.62)
[INFO |05:48:35] [INFO]        THD  : 1.34             
[INFO |05:48:35] [PASS]        THDPN: 1.50 (x < 10.00)
[INFO |05:48:35] [PASS]        RNB  : 0.08 (x < 1.00)
[INFO |05:48:35] [INFO]        RNBPN: 0.31             
[INFO |05:48:35] FREQ: 850 Hz
[INFO |05:48:35] [PASS]    MAGNITUDE: 92.40 (88.14 < x < 99.22)
[INFO |05:48:35] [INFO]        THD  : 1.11             
[INFO |05:48:35] [PASS]        THDPN: 1.26 (x < 10.00)
[INFO |05:48:35] [PASS]        RNB  : 0.08 (x < 1.00)
[INFO |05:48:35] [INFO]        RNBPN: 0.16             
[INFO |05:48:35] FREQ: 800 Hz
[INFO |05:48:35] [PASS]    MAGNITUDE: 90.28 (86.37 < x < 97.74)
[INFO |05:48:35] [INFO]        THD  : 1.22             
[INFO |05:48:35] [PASS]        THDPN: 1.45 (x < 10.00)
[INFO |05:48:35] [PASS]        RNB  : 0.10 (x < 1.00)
[INFO |05:48:35] [INFO]        RNBPN: 0.36             
[INFO |05:48:35] FREQ: 750 Hz
[INFO |05:48:35] [PASS]    MAGNITUDE: 90.47 (86.02 < x < 97.50)
[INFO |05:48:35] [INFO]        THD  : 1.11             
[INFO |05:48:35] [PASS]        THDPN: 1.29 (x < 10.00)
[INFO |05:48:35] [PASS]        RNB  : 0.09 (x < 1.00)
[INFO |05:48:35] [INFO]        RNBPN: 0.30             
[INFO |05:48:35] FREQ: 710 Hz
[INFO |05:48:35] [PASS]    MAGNITUDE: 90.13 (86.04 < x < 97.41)
[INFO |05:48:35] [INFO]        THD  : 1.18             
[INFO |05:48:35] [PASS]        THDPN: 1.33 (x < 10.00)
[INFO |05:48:35] [PASS]        RNB  : 0.12 (x < 1.00)
[INFO |05:48:35] [INFO]        RNBPN: 0.21             
[INFO |05:48:35] FREQ: 670 Hz
[INFO |05:48:35] [PASS]    MAGNITUDE: 88.48 (84.64 < x < 95.83)
[INFO |05:48:35] [INFO]        THD  : 1.26             
[INFO |05:48:35] [PASS]        THDPN: 1.44 (x < 10.00)
[INFO |05:48:35] [PASS]        RNB  : 0.13 (x < 1.00)
[INFO |05:48:35] [INFO]        RNBPN: 0.35             
[INFO |05:48:35] FREQ: 630 Hz
[INFO |05:48:35] [PASS]    MAGNITUDE: 87.55 (83.60 < x < 94.59)
[INFO |05:48:35] [INFO]        THD  : 1.16             
[INFO |05:48:35] [PASS]        THDPN: 1.35 (x < 10.00)
[INFO |05:48:35] [PASS]        RNB  : 0.09 (x < 1.00)
[INFO |05:48:35] [INFO]        RNBPN: 0.36             
[INFO |05:48:35] FREQ: 600 Hz
[INFO |05:48:35] [PASS]    MAGNITUDE: 87.76 (83.73 < x < 94.71)
[INFO |05:48:35] [INFO]        THD  : 1.15             
[INFO |05:48:35] [PASS]        THDPN: 1.36 (x < 10.00)
[INFO |05:48:35] [PASS]        RNB  : 0.15 (x < 1.00)
[INFO |05:48:35] [INFO]        RNBPN: 0.35             
[INFO |05:48:35] FREQ: 560 Hz
[INFO |05:48:35] [PASS]    MAGNITUDE: 88.27 (83.65 < x < 94.48)
[INFO |05:48:35] [INFO]        THD  : 1.01             
[INFO |05:48:35] [PASS]        THDPN: 1.22 (x < 10.00)
[INFO |05:48:35] [PASS]        RNB  : 0.18 (x < 1.00)
[INFO |05:48:35] [INFO]        RNBPN: 0.26             
[INFO |05:48:35] FREQ: 530 Hz
[INFO |05:48:35] [PASS]    MAGNITUDE: 87.77 (83.93 < x < 94.84)
[INFO |05:48:35] [INFO]        THD  : 1.15             
[INFO |05:48:35] [PASS]        THDPN: 1.34 (x < 10.00)
[INFO |05:48:35] [PASS]        RNB  : 0.18 (x < 1.00)
[INFO |05:48:35] [INFO]        RNBPN: 0.36             
[INFO |05:48:35] FREQ: 500 Hz
[INFO |05:48:35] [PASS]    MAGNITUDE: 86.22 (82.46 < x < 93.58)
[INFO |05:48:35] [INFO]        THD  : 1.03             
[INFO |05:48:35] [PASS]        THDPN: 1.29 (x < 10.00)
[INFO |05:48:35] [PASS]        RNB  : 0.09 (x < 1.00)
[INFO |05:48:35] [INFO]        RNBPN: 0.56             
[INFO |05:48:35] FREQ: 475 Hz
[INFO |05:48:35] [PASS]    MAGNITUDE: 86.58 (82.78 < x < 94.03)
[INFO |05:48:35] [INFO]        THD  : 0.94             
[INFO |05:48:35] [PASS]        THDPN: 1.17 (x < 10.00)
[INFO |05:48:35] [PASS]        RNB  : 0.26 (x < 1.00)
[INFO |05:48:35] [INFO]        RNBPN: 0.45             
[INFO |05:48:35] FREQ: 450 Hz
[INFO |05:48:35] [PASS]    MAGNITUDE: 85.97 (82.01 < x < 93.36)
[INFO |05:48:35] [INFO]        THD  : 0.90             
[INFO |05:48:35] [PASS]        THDPN: 1.15 (x < 10.00)
[INFO |05:48:35] [PASS]        RNB  : 0.32 (x < 1.00)
[INFO |05:48:35] [INFO]        RNBPN: 0.46             
[INFO |05:48:35] FREQ: 425 Hz
[INFO |05:48:35] [PASS]    MAGNITUDE: 84.35 (80.31 < x < 91.73)
[INFO |05:48:35] [INFO]        THD  : 0.89             
[INFO |05:48:35] [PASS]        THDPN: 1.17 (x < 10.00)
[INFO |05:48:35] [PASS]        RNB  : 0.07 (x < 1.00)
[INFO |05:48:35] [INFO]        RNBPN: 0.63             
[INFO |05:48:35] FREQ: 400 Hz
[INFO |05:48:35] [PASS]    MAGNITUDE: 84.92 (80.65 < x < 92.16)
[INFO |05:48:35] [INFO]        THD  : 0.93             
[INFO |05:48:35] [PASS]        THDPN: 1.14 (x < 10.00)
[INFO |05:48:35] [PASS]        RNB  : 0.39 (x < 3.00)
[INFO |05:48:35] [INFO]        RNBPN: 0.50             
[INFO |05:48:35] FREQ: 375 Hz
[INFO |05:48:35] [PASS]    MAGNITUDE: 84.15 (79.77 < x < 91.34)
[INFO |05:48:35] [INFO]        THD  : 0.94             
[INFO |05:48:35] [PASS]        THDPN: 1.18 (x < 10.00)
[INFO |05:48:35] [PASS]        RNB  : 0.46 (x < 3.00)
[INFO |05:48:35] [INFO]        RNBPN: 0.60             
[INFO |05:48:35] FREQ: 355 Hz
[INFO |05:48:35] [PASS]    MAGNITUDE: 83.47 (79.17 < x < 90.80)
[INFO |05:48:35] [INFO]        THD  : 0.93             
[INFO |05:48:35] [PASS]        THDPN: 1.16 (x < 10.00)
[INFO |05:48:35] [PASS]        RNB  : 0.49 (x < 3.00)
[INFO |05:48:35] [INFO]        RNBPN: 0.61             
[INFO |05:48:35] FREQ: 335 Hz
[INFO |05:48:35] [PASS]    MAGNITUDE: 82.42 (78.16 < x < 89.84)
[INFO |05:48:35] [INFO]        THD  : 1.06             
[INFO |05:48:35] [PASS]        THDPN: 1.28 (x < 10.00)
[INFO |05:48:35] [PASS]        RNB  : 0.51 (x < 3.00)
[INFO |05:48:35] [INFO]        RNBPN: 0.65             
[INFO |05:48:35] FREQ: 315 Hz
[INFO |05:48:35] [PASS]    MAGNITUDE: 81.18 (76.92 < x < 88.61)
[INFO |05:48:35] [INFO]        THD  : 1.09             
[INFO |05:48:35] [PASS]        THDPN: 1.39 (x < 10.00)
[INFO |05:48:35] [PASS]        RNB  : 0.51 (x < 3.00)
[INFO |05:48:35] [INFO]        RNBPN: 0.82             
[INFO |05:48:35] FREQ: 300 Hz
[INFO |05:48:35] [PASS]    MAGNITUDE: 80.87 (76.61 < x < 88.27)
[INFO |05:48:35] [INFO]        THD  : 1.09             
[INFO |05:48:35] [PASS]        THDPN: 1.36 (x < 10.00)
[INFO |05:48:35] [PASS]        RNB  : 0.51 (x < 3.00)
[INFO |05:48:35] [INFO]        RNBPN: 0.76             
[INFO |05:48:35] FREQ: 280 Hz
[INFO |05:48:35] [PASS]    MAGNITUDE: 80.31 (76.03 < x < 87.67)
[INFO |05:48:35] [INFO]        THD  : 1.07             
[INFO |05:48:35] [PASS]        THDPN: 1.35 (x < 10.00)
[INFO |05:48:35] [PASS]        RNB  : 0.48 (x < 3.00)
[INFO |05:48:35] [INFO]        RNBPN: 0.77             
[INFO |05:48:35] FREQ: 265 Hz
[INFO |05:48:35] [PASS]    MAGNITUDE: 78.79 (74.61 < x < 86.26)
[INFO |05:48:35] [INFO]        THD  : 0.95             
[INFO |05:48:35] [PASS]        THDPN: 1.32 (x < 10.00)
[INFO |05:48:35] [PASS]        RNB  : 0.34 (x < 3.00)
[INFO |05:48:35] [INFO]        RNBPN: 0.87             
[INFO |05:48:35] FREQ: 250 Hz
[INFO |05:48:35] [PASS]    MAGNITUDE: 78.51 (74.46 < x < 86.10)
[INFO |05:48:35] [INFO]        THD  : 1.10             
[INFO |05:48:35] [PASS]        THDPN: 1.46 (x < 10.00)
[INFO |05:48:35] [PASS]        RNB  : 0.43 (x < 3.00)
[INFO |05:48:35] [INFO]        RNBPN: 0.93             
[INFO |05:48:35] FREQ: 236 Hz
[INFO |05:48:35] [PASS]    MAGNITUDE: 78.01 (74.11 < x < 85.73)
[INFO |05:48:35] [INFO]        THD  : 1.14             
[INFO |05:48:35] [PASS]        THDPN: 1.45 (x < 10.00)
[INFO |05:48:35] [PASS]        RNB  : 0.36 (x < 3.00)
[INFO |05:48:35] [INFO]        RNBPN: 0.85             
[INFO |05:48:35] FREQ: 224 Hz
[INFO |05:48:35] [PASS]    MAGNITUDE: 77.24 (73.45 < x < 85.05)
[INFO |05:48:35] [INFO]        THD  : 1.12             
[INFO |05:48:35] [PASS]        THDPN: 1.43 (x < 10.00)
[INFO |05:48:35] [PASS]        RNB  : 0.31 (x < 3.00)
[INFO |05:48:35] [INFO]        RNBPN: 0.85             
[INFO |05:48:35] FREQ: 212 Hz
[INFO |05:48:35] [PASS]    MAGNITUDE: 76.33 (72.60 < x < 84.19)
[INFO |05:48:35] [INFO]        THD  : 1.27             
[INFO |05:48:35] [PASS]        THDPN: 1.55 (x < 10.00)
[INFO |05:48:35] [PASS]        RNB  : 0.27 (x < 3.00)
[INFO |05:48:35] [INFO]        RNBPN: 0.85             
[INFO |05:48:35] FREQ: 200 Hz
[INFO |05:48:35] [PASS]    MAGNITUDE: 75.27 (71.56 < x < 83.13)
[INFO |05:48:35] [INFO]        THD  : 1.38             
[INFO |05:48:35] [PASS]        THDPN: 1.72 (x < 10.00)
[INFO |05:48:35] [PASS]        RNB  : 0.16 (x < 3.00)
[INFO |05:48:35] [INFO]        RNBPN: 1.01             
[INFO |05:48:35] ---END--------------------------------------------------------------------------
[INFO |05:48:35] 
[INFO |05:48:35] ==============================
[INFO |05:48:35] Test Result: PASS
[INFO |05:48:35] ==============================
[INFO |05:48:35] 
[INFO |05:48:35] 
[INFO |05:48:35] [pass] -audio_spk_2_test-
[INFO |05:48:35] Time Elapsed: 26.439 sec [502, [SL-AUD-ETH] HS Speaker_2 test]
[INFO |05:48:35] 
[INFO |05:48:35]   ID  Test Name                       Count  Pass/Fail
[INFO |05:48:35] --------------------------------------------------------------------------------
[INFO |05:48:35]  502  [SL-AUD-ETH] HS Speaker_2 test    1       1/0   [OK, 0]
[INFO |05:48:35] Run [SL-AUD-ETH] HF Mic_1 test...
[INFO |05:48:35] soundcheck_rule_product = ('udw_pro', 'UTP-TOUCHMAX', 'ua-thermalscan', 'uvc-dslrbullet', 'UTP-TOUCH', 'uvc_g4bullet', 'uvc_g5bullet', 'uvc_g4dbb', 'uvc_g5dome', 'uvc_g5flex', 'ua-g2-reader-pro', 'uc_control', 'uvc_g4dbpropoe', 'uvc_aipro', 'uvc_ai_lpr', 'afi_aln_pe', 'ua_g2', 'uc_audience', 'UTP-G3-TOUCHMAX-WALL', 'UTP-G3-Touch-Pro', 'UTP-G3-Touch-Enterprise', 'uvc-ai360', 'uvc_g5ptz', 'UA-Intercom', 'UA-G3-Intercom', 'UA-Intercom-Viewer', 'UT-G3-Handset', 'ua-g2-flex', 'uvc_ai_turret', 'uvc_ai_dome', 'uvc_g6_bullet', 'uvc_g6_turret', 'uvc_g6_dome', 'uvc_g6_ins', 'UP-Alarmpad', 'ua-g3-flex', 'UCP', 'up-ai-horn-speaker-w', 'up-ai-horn-speaker-b', 'uvc_doorbell_b', 'uvc_doorbell_w', 'usl_siren_us', 'usl_siren_eu', 'uvc_g6_ptz_w', 'uvc_g6_ptz_b', 'uvc_g6_pro_bullet_w', 'uvc_g6_pro_turret_w', 'uvc_g6_pro_dome_w', 'uacc_visor', 'uvc_g6_bullet_b', 'uvc_g6_turret_b', 'uvc_g6_dome_b', 'uvc_g6_pro_bullet_b', 'uvc_g6_pro_turret_b', 'uvc_g6_pro_dome_b', 'usl_glassbreak_us', 'usl_glassbreak_eu', 'uvc_g6_180_b', 'uvc_g6_pro_360_w', 'uvc_g6_pro_360_b', 'up_siren', 'ua-retrofit-reader', 'uvc_g6_entry', 'uvc_g6_pro_entry', 'ua-g3-fingerprint')
[INFO |05:48:35] 
[INFO |05:48:35] [audio_mic_1] test config...
[INFO |05:48:35] record_sec           = 25
[INFO |05:48:35] delay_start_record_sec = 0
[INFO |05:48:35] volume_mic           = 62
[INFO |05:48:35] src_file             = stweep_1_12_OTC_0p2sec_HF_mouth.wav
[INFO |05:48:35] dut_record_wav_path  = /sdcard/dmic1.wav
[INFO |05:48:35] criterion_ini        = G3TouchPro_HF_mic_1_VN_20240504.ini
[INFO |05:48:35] ref_mic_file         = ref_mic_calibration1.txt
[INFO |05:48:35] output_device        = (4- PMA
[INFO |05:48:35] 
[DEBUG|05:48:35] [Class: MicTest]
[INFO |05:48:35] 
[INFO |05:48:35] Running: ['-s', '192.168.1.20', 'shell', 'su', 'root', 'settings put system sound_effects_enabled 0']
D:\FTU\FTU_efbb_1.0.24_3.18.16_UTP-G3-Touch-Pro\tools\android_tool\adb.exe -s 192.168.1.20 shell su root settings put system sound_effects_enabled 0
[INFO |05:48:36] rsp = 
[INFO |05:48:36] 
[INFO |05:48:36] Running: ['-s', '192.168.1.20', 'shell', 'su', 'root', 'rm /sdcard/dmic1.wav']
D:\FTU\FTU_efbb_1.0.24_3.18.16_UTP-G3-Touch-Pro\tools\android_tool\adb.exe -s 192.168.1.20 shell su root rm /sdcard/dmic1.wav
adb.exe returncode: 1
[INFO |05:48:36] rsp = rm: /sdcard/dmic1.wav: No such file or directory


[INFO |05:48:36] path of wav file, D:\FTU\FTU_efbb_1.0.24_3.18.16_UTP-G3-Touch-Pro\tools\audio\stweep_1_12_OTC_0p2sec_HF_mouth.wav
[INFO |05:48:36] 
[INFO |05:48:36] "_get_output_device_idx"
[INFO |05:48:36] Input Device id 0 - Microsoft Sound Mapper - Input
[INFO |05:48:36] Input Device id 1 - line (2- Roland Rubix 22)
[INFO |05:48:36] Input Device id 2 - line (Roland Rubix 22)
[INFO |05:48:36] Output Device id 3 - Microsoft Sound Mapper - Output
[INFO |05:48:36] Output Device id 4 - Digital Audio Interface (4- PMA
[INFO |05:48:36] Output Device id 5 - Digital Audio Interface (5- PMA
[INFO |05:48:36] 
[INFO |05:48:36] ["output_device"] "(4- PMA" found, index = 4
[INFO |05:48:36] 
[INFO |05:48:36] Set default output device: (4- PMA
[INFO |05:48:36] Unmuted device: (4- PMA
[INFO |05:48:36] Set device (4- PMA volume to 100%
[INFO |05:48:36] playback start
[INFO |05:48:36] DUT start to record
[INFO |05:48:36] 
[INFO |05:48:36] Running: ['-s', '192.168.1.20', 'shell', 'su', 'root', 'mm-audio-ftm -c /vendor/etc/ftm_test_config_wcd9335 -tc 16 -d 25 -v 62 -file /sdcard/dmic1.wav']
D:\FTU\FTU_efbb_1.0.24_3.18.16_UTP-G3-Touch-Pro\tools\android_tool\adb.exe -s 192.168.1.20 shell su root mm-audio-ftm -c /vendor/etc/ftm_test_config_wcd9335 -tc 16 -d 25 -v 62 -file /sdcard/dmic1.wav
[INFO |05:48:56] playback stop
[INFO |05:49:03] rsp = size of ftm_tc_devices_tabla = 45

size of ftm_tc_devices_sitar = 28

size of ftm_tc_devices_taiko = 43

SoundCardInfo  0 [msm8953tashalit]: msm8953-tashali - msm8953-tashalite-snd-card



soundCardName msm8953-tashalite-snd-card

Use the codec ftm_test_config file



 Conf file name /vendor/etc/ftm_test_config_wcd9335

 Test case number 16

 duration set to 25

 Volume level set to 62

 File name is /sdcard/dmic1.wav

 Call parse function to enable

Found tc 16 1 seq enable

 #DMIC1

 Sequence for enable found

 Set SLIM_0_TX Channels One

 Set AIF1_CAP Mixer SLIM TX7 1

 Set MultiMedia1 Mixer SLIM_0_TX 1

 Set SLIM TX7 MUX DEC7

 Set ADC MUX7 DMIC

 Set DMIC MUX7 DMIC0

 Set DEC7 Volume 76

 Set Path to device: 2

ftm_audio_set_path: 8875



 audio_ftm_hw_iocontrol: capturedevice -1 playback 0record_file: period size 960 buf size 1920

done

FTM: audio_ftm_hw_iocontrol:1023 - 

 PCM Close not calledaud_ftm_common_stop: 9019



 Call parse function to disable

Found tc 16 1 seq disable

 #DMIC1

 Sequence for disable found

 Set DEC7 Volume 0

 Set MultiMedia1 Mixer SLIM_0_TX 0

 Set SLIM_0_TX Channels One

 Set AIF1_CAP Mixer SLIM TX7 0

 Set SLIM TX7 MUX ZERO

 Set DMIC MUX7 ZEROtest 16 success


[INFO |05:49:03] DUT stop to record
[INFO |05:49:03] get recorded wav file from DUT(/sdcard/dmic1.wav) to host(D:\FTU\FTU_efbb_1.0.24_3.18.16_UTP-G3-Touch-Pro\logs\audio\9041B25CA6A2_20260405T054733+08_UniFiTalk_audio_mic_1.wav)
[INFO |05:49:03] 
[INFO |05:49:03] Running: ['-s', '192.168.1.20', 'pull', '/sdcard/dmic1.wav', 'D:\\FTU\\FTU_efbb_1.0.24_3.18.16_UTP-G3-Touch-Pro\\logs\\audio\\9041B25CA6A2_20260405T054733+08_UniFiTalk_audio_mic_1.wav']
D:\FTU\FTU_efbb_1.0.24_3.18.16_UTP-G3-Touch-Pro\tools\android_tool\adb.exe -s 192.168.1.20 pull /sdcard/dmic1.wav D:\FTU\FTU_efbb_1.0.24_3.18.16_UTP-G3-Touch-Pro\logs\audio\9041B25CA6A2_20260405T054733+08_UniFiTalk_audio_mic_1.wav
[INFO |05:49:03] rsp = /sdcard/dmic1.wav: 1 file pulled, 0 skipped. 41.9 MB/s (2490284 bytes in 0.057s)


[INFO |05:49:04] spec_path = D:\FTU\FTU_efbb_1.0.24_3.18.16_UTP-G3-Touch-Pro\tools\UTP-G3-Touch-Pro\audio\G3TouchPro_HF_mic_1_VN_20240504.ini
[INFO |05:49:04] 
[INFO |05:49:04] Init parameter table...
[DEBUG|05:49:04] SampleRate = 44100
[DEBUG|05:49:04] Minimum silence length = 3.00 sec
[DEBUG|05:49:04] EnablePlot = 1
[DEBUG|05:49:04] RubBuzzFlg = 1
[DEBUG|05:49:04] ComNoiseDetFlg = 1
[DEBUG|05:49:04] PopNoiseDetFlg = 1
[DEBUG|05:49:04] CNDStartFreq = 2000 Hz
[DEBUG|05:49:04] CNDEndFreq = 15000 Hz
[DEBUG|05:49:04] CNDDiffdBVal = 20.00 dB
[DEBUG|05:49:04] PNDStd = 5
[DEBUG|05:49:04] PNDThreshold = 0.20 dB
[INFO |05:49:04] Init parameter table...
[INFO |05:49:04] UTP-G3-Touch-Pro in soundcheck_rule_product = ('udw_pro', 'UTP-TOUCHMAX', 'ua-thermalscan', 'uvc-dslrbullet', 'UTP-TOUCH', 'uvc_g4bullet', 'uvc_g5bullet', 'uvc_g4dbb', 'uvc_g5dome', 'uvc_g5flex', 'ua-g2-reader-pro', 'uc_control', 'uvc_g4dbpropoe', 'uvc_aipro', 'uvc_ai_lpr', 'afi_aln_pe', 'ua_g2', 'uc_audience', 'UTP-G3-TOUCHMAX-WALL', 'UTP-G3-Touch-Pro', 'UTP-G3-Touch-Enterprise', 'uvc-ai360', 'uvc_g5ptz', 'UA-Intercom', 'UA-G3-Intercom', 'UA-Intercom-Viewer', 'UT-G3-Handset', 'ua-g2-flex', 'uvc_ai_turret', 'uvc_ai_dome', 'uvc_g6_bullet', 'uvc_g6_turret', 'uvc_g6_dome', 'uvc_g6_ins', 'UP-Alarmpad', 'ua-g3-flex', 'UCP', 'up-ai-horn-speaker-w', 'up-ai-horn-speaker-b', 'uvc_doorbell_b', 'uvc_doorbell_w', 'usl_siren_us', 'usl_siren_eu', 'uvc_g6_ptz_w', 'uvc_g6_ptz_b', 'uvc_g6_pro_bullet_w', 'uvc_g6_pro_turret_w', 'uvc_g6_pro_dome_w', 'uacc_visor', 'uvc_g6_bullet_b', 'uvc_g6_turret_b', 'uvc_g6_dome_b', 'uvc_g6_pro_bullet_b', 'uvc_g6_pro_turret_b', 'uvc_g6_pro_dome_b', 'usl_glassbreak_us', 'usl_glassbreak_eu', 'uvc_g6_180_b', 'uvc_g6_pro_360_w', 'uvc_g6_pro_360_b', 'up_siren', 'ua-retrofit-reader', 'uvc_g6_entry', 'uvc_g6_pro_entry', 'ua-g3-fingerprint')
[INFO |05:49:04] go with new soundcheck rule
[INFO |05:49:04] get_calibrator_dBFS = -12.098774909973145
[INFO |05:49:04] model = UTP-G3-Touch-Pro
[INFO |05:49:04] input_file.channels = 1
[INFO |05:49:04] np.concatenate(y) = [ 0.0000000e+00  0.0000000e+00  0.0000000e+00 ...  0.0000000e+00
  3.0517578e-05 -3.0517578e-05]
[INFO |05:49:04] orig_sr = 48000
[INFO |05:49:04] num_remove_sample = 1920, start to remove samples
[INFO |05:49:04] before remove_smaples, len(y) = 1245120
[INFO |05:49:04] after remove_smaples, len(y) = 1243200
[INFO |05:49:04] 
[INFO |05:49:04] --------------------------------------------------------------------------------
[INFO |05:49:04] --------------------------------------------------------------------------------
[INFO |05:49:04] Audio FTU version: 1.3.1
[INFO |05:49:04] mode: mic
[INFO |05:49:04] isSoundCheck: True
[INFO |05:49:04] SAvgPwr: -63.67 dBFS
[INFO |05:49:04] Golden_SAvgPwr: -70.00 dBFS
[INFO |05:49:04] [PASS] SAvgPwr_Diff: 6.33 dBFS(x < 7.00)
[INFO |05:49:04] [PASS] Locate tone: True
[INFO |05:49:04] [PASS] Silence Length:  4.90 second (x >  3.00)
[INFO |05:49:04] [PASS] ComNoiseExist: 0 (x = 0)
[INFO |05:49:04] [PASS] Component Noise: 10077~13759 Hz
[INFO |05:49:04] [PASS] Component Peak at 12004 Hz, -120.55 dBFS, Height: 03.71 dB
[INFO |05:49:04] [PASS] PopNoiseExist: False, Pop noise density: 0.000‰
[INFO |05:49:04] FREQ: 10000 Hz
[INFO |05:49:04] [PASS]    MAGNITUDE: -20.43 (-30.34 < x < -14.60)
[INFO |05:49:04] [INFO]        THD  : 0.47             
[INFO |05:49:04] [PASS]        THDPN: 0.51 (x < 10.00)
[INFO |05:49:04] FREQ: 9500 Hz
[INFO |05:49:04] [PASS]    MAGNITUDE: -22.16 (-30.34 < x < -14.60)
[INFO |05:49:04] [INFO]        THD  : 0.39             
[INFO |05:49:04] [PASS]        THDPN: 0.51 (x < 10.00)
[INFO |05:49:04] FREQ: 9000 Hz
[INFO |05:49:04] [PASS]    MAGNITUDE: -23.98 (-30.34 < x < -14.60)
[INFO |05:49:04] [INFO]        THD  : 0.29             
[INFO |05:49:04] [PASS]        THDPN: 0.30 (x < 10.00)
[INFO |05:49:04] FREQ: 8500 Hz
[INFO |05:49:04] [PASS]    MAGNITUDE: -21.96 (-30.34 < x < -14.60)
[INFO |05:49:04] [INFO]        THD  : 0.42             
[INFO |05:49:04] [PASS]        THDPN: 0.57 (x < 10.00)
[INFO |05:49:04] FREQ: 8000 Hz
[INFO |05:49:04] [PASS]    MAGNITUDE: -17.82 (-30.34 < x < -14.60)
[INFO |05:49:04] [INFO]        THD  : 0.58             
[INFO |05:49:04] [PASS]        THDPN: 0.58 (x < 10.00)
[INFO |05:49:04] FREQ: 7500 Hz
[INFO |05:49:04] [PASS]    MAGNITUDE: -22.81 (-30.34 < x < -19.91)
[INFO |05:49:04] [INFO]        THD  : 0.58             
[INFO |05:49:04] [PASS]        THDPN: 0.65 (x < 10.00)
[INFO |05:49:04] FREQ: 7100 Hz
[INFO |05:49:04] [PASS]    MAGNITUDE: -28.01 (-31.21 < x < -19.91)
[INFO |05:49:04] [INFO]        THD  : 0.30             
[INFO |05:49:04] [PASS]        THDPN: 0.48 (x < 10.00)
[INFO |05:49:04] FREQ: 6700 Hz
[INFO |05:49:04] [PASS]    MAGNITUDE: -29.77 (-35.24 < x < -24.81)
[INFO |05:49:04] [INFO]        THD  : 0.18             
[INFO |05:49:04] [PASS]        THDPN: 0.34 (x < 10.00)
[INFO |05:49:04] FREQ: 6300 Hz
[INFO |05:49:04] [PASS]    MAGNITUDE: -35.33 (-39.41 < x < -24.81)
[INFO |05:49:04] [INFO]        THD  : 0.12             
[INFO |05:49:04] [PASS]        THDPN: 0.24 (x < 10.00)
[INFO |05:49:04] FREQ: 6000 Hz
[INFO |05:49:04] [PASS]    MAGNITUDE: -34.63 (-40.74 < x < -24.81)
[INFO |05:49:04] [INFO]        THD  : 0.17             
[INFO |05:49:04] [PASS]        THDPN: 0.34 (x < 10.00)
[INFO |05:49:04] FREQ: 5600 Hz
[INFO |05:49:04] [PASS]    MAGNITUDE: -26.68 (-36.59 < x < -13.69)
[INFO |05:49:04] [INFO]        THD  : 1.47             
[INFO |05:49:04] [PASS]        THDPN: 1.48 (x < 10.00)
[INFO |05:49:04] FREQ: 5300 Hz
[INFO |05:49:04] [PASS]    MAGNITUDE: -20.42 (-36.59 < x < -13.69)
[INFO |05:49:04] [INFO]        THD  : 0.97             
[INFO |05:49:04] [PASS]        THDPN: 1.01 (x < 10.00)
[INFO |05:49:04] FREQ: 5000 Hz
[INFO |05:49:04] [PASS]    MAGNITUDE: -23.22 (-36.59 < x < -13.69)
[INFO |05:49:04] [INFO]        THD  : 0.79             
[INFO |05:49:04] [PASS]        THDPN: 0.86 (x < 10.00)
[INFO |05:49:04] FREQ: 4750 Hz
[INFO |05:49:04] [PASS]    MAGNITUDE: -28.45 (-36.59 < x < -13.69)
[INFO |05:49:04] [INFO]        THD  : 0.34             
[INFO |05:49:04] [PASS]        THDPN: 0.39 (x < 10.00)
[INFO |05:49:04] FREQ: 4500 Hz
[INFO |05:49:04] [PASS]    MAGNITUDE: -28.23 (-35.21 < x < -25.02)
[INFO |05:49:04] [INFO]        THD  : 0.57             
[INFO |05:49:04] [PASS]        THDPN: 0.58 (x < 10.00)
[INFO |05:49:04] FREQ: 4250 Hz
[INFO |05:49:04] [PASS]    MAGNITUDE: -32.20 (-38.03 < x < -27.83)
[INFO |05:49:04] [INFO]        THD  : 0.27             
[INFO |05:49:04] [PASS]        THDPN: 0.37 (x < 10.00)
[INFO |05:49:04] FREQ: 4000 Hz
[INFO |05:49:04] [PASS]    MAGNITUDE: -36.33 (-41.04 < x < -30.91)
[INFO |05:49:04] [INFO]        THD  : 1.18             
[INFO |05:49:04] [PASS]        THDPN: 1.23 (x < 10.00)
[INFO |05:49:04] FREQ: 3750 Hz
[INFO |05:49:04] [PASS]    MAGNITUDE: -38.58 (-43.78 < x < -33.68)
[INFO |05:49:04] [INFO]        THD  : 0.86             
[INFO |05:49:04] [PASS]        THDPN: 0.93 (x < 10.00)
[INFO |05:49:04] FREQ: 3550 Hz
[INFO |05:49:04] [PASS]    MAGNITUDE: -36.69 (-41.67 < x < -31.44)
[INFO |05:49:04] [INFO]        THD  : 0.34             
[INFO |05:49:04] [PASS]        THDPN: 0.46 (x < 10.00)
[INFO |05:49:04] FREQ: 3350 Hz
[INFO |05:49:04] [PASS]    MAGNITUDE: -38.26 (-43.87 < x < -33.66)
[INFO |05:49:04] [INFO]        THD  : 0.64             
[INFO |05:49:04] [PASS]        THDPN: 0.72 (x < 10.00)
[INFO |05:49:04] FREQ: 3150 Hz
[INFO |05:49:04] [PASS]    MAGNITUDE: -40.80 (-42.91 < x < -32.77)
[INFO |05:49:04] [INFO]        THD  : 0.89             
[INFO |05:49:04] [PASS]        THDPN: 0.98 (x < 10.00)
[INFO |05:49:04] FREQ: 3000 Hz
[INFO |05:49:04] [PASS]    MAGNITUDE: -36.61 (-43.30 < x < -33.13)
[INFO |05:49:04] [INFO]        THD  : 0.44             
[INFO |05:49:04] [PASS]        THDPN: 0.55 (x < 10.00)
[INFO |05:49:04] FREQ: 2800 Hz
[INFO |05:49:04] [PASS]    MAGNITUDE: -37.18 (-42.01 < x < -31.94)
[INFO |05:49:04] [INFO]        THD  : 0.73             
[INFO |05:49:04] [PASS]        THDPN: 0.77 (x < 10.00)
[INFO |05:49:04] FREQ: 2650 Hz
[INFO |05:49:04] [PASS]    MAGNITUDE: -37.47 (-43.08 < x < -32.95)
[INFO |05:49:04] [INFO]        THD  : 1.22             
[INFO |05:49:04] [PASS]        THDPN: 1.26 (x < 10.00)
[INFO |05:49:04] FREQ: 2500 Hz
[INFO |05:49:04] [PASS]    MAGNITUDE: -37.16 (-43.34 < x < -33.18)
[INFO |05:49:04] [INFO]        THD  : 0.99             
[INFO |05:49:04] [PASS]        THDPN: 1.06 (x < 10.00)
[INFO |05:49:04] FREQ: 2360 Hz
[INFO |05:49:04] [PASS]    MAGNITUDE: -37.06 (-42.33 < x < -32.23)
[INFO |05:49:04] [INFO]        THD  : 0.68             
[INFO |05:49:04] [PASS]        THDPN: 1.52 (x < 10.00)
[INFO |05:49:04] FREQ: 2240 Hz
[INFO |05:49:04] [PASS]    MAGNITUDE: -39.73 (-44.87 < x < -34.76)
[INFO |05:49:04] [INFO]        THD  : 0.61             
[INFO |05:49:04] [PASS]        THDPN: 0.96 (x < 10.00)
[INFO |05:49:04] FREQ: 2120 Hz
[INFO |05:49:04] [PASS]    MAGNITUDE: -39.85 (-44.64 < x < -34.53)
[INFO |05:49:04] [INFO]        THD  : 0.58             
[INFO |05:49:04] [PASS]        THDPN: 0.80 (x < 10.00)
[INFO |05:49:04] FREQ: 2000 Hz
[INFO |05:49:04] [PASS]    MAGNITUDE: -36.44 (-42.25 < x < -32.19)
[INFO |05:49:04] [INFO]        THD  : 0.31             
[INFO |05:49:04] [PASS]        THDPN: 0.54 (x < 10.00)
[INFO |05:49:04] [PASS]        RNB  : 0.01 (x < 1.00)
[INFO |05:49:04] [INFO]        RNBPN: 0.29             
[INFO |05:49:04] FREQ: 1900 Hz
[INFO |05:49:04] [PASS]    MAGNITUDE: -38.03 (-44.74 < x < -34.69)
[INFO |05:49:04] [INFO]        THD  : 0.42             
[INFO |05:49:04] [PASS]        THDPN: 0.76 (x < 10.00)
[INFO |05:49:04] [PASS]        RNB  : 0.01 (x < 1.00)
[INFO |05:49:04] [INFO]        RNBPN: 0.45             
[INFO |05:49:04] FREQ: 1800 Hz
[INFO |05:49:04] [PASS]    MAGNITUDE: -37.75 (-44.93 < x < -34.73)
[INFO |05:49:04] [INFO]        THD  : 0.38             
[INFO |05:49:04] [PASS]        THDPN: 0.53 (x < 10.00)
[INFO |05:49:04] [PASS]        RNB  : 0.02 (x < 1.00)
[INFO |05:49:04] [INFO]        RNBPN: 0.30             
[INFO |05:49:04] FREQ: 1700 Hz
[INFO |05:49:04] [PASS]    MAGNITUDE: -38.13 (-44.22 < x < -34.09)
[INFO |05:49:04] [INFO]        THD  : 0.23             
[INFO |05:49:04] [PASS]        THDPN: 0.38 (x < 10.00)
[INFO |05:49:04] [PASS]        RNB  : 0.02 (x < 1.00)
[INFO |05:49:04] [INFO]        RNBPN: 0.25             
[INFO |05:49:04] FREQ: 1600 Hz
[INFO |05:49:04] [PASS]    MAGNITUDE: -37.44 (-43.12 < x < -32.95)
[INFO |05:49:04] [INFO]        THD  : 0.23             
[INFO |05:49:04] [PASS]        THDPN: 0.46 (x < 10.00)
[INFO |05:49:04] [PASS]        RNB  : 0.02 (x < 1.00)
[INFO |05:49:04] [INFO]        RNBPN: 0.35             
[INFO |05:49:04] FREQ: 1500 Hz
[INFO |05:49:04] [PASS]    MAGNITUDE: -37.42 (-44.16 < x < -34.01)
[INFO |05:49:04] [INFO]        THD  : 0.24             
[INFO |05:49:04] [PASS]        THDPN: 0.45 (x < 10.00)
[INFO |05:49:04] [PASS]        RNB  : 0.03 (x < 1.00)
[INFO |05:49:04] [INFO]        RNBPN: 0.36             
[INFO |05:49:04] FREQ: 1400 Hz
[INFO |05:49:04] [PASS]    MAGNITUDE: -38.16 (-43.04 < x < -32.94)
[INFO |05:49:04] [INFO]        THD  : 0.21             
[INFO |05:49:04] [PASS]        THDPN: 0.33 (x < 10.00)
[INFO |05:49:04] [PASS]        RNB  : 0.04 (x < 1.00)
[INFO |05:49:04] [INFO]        RNBPN: 0.21             
[INFO |05:49:04] FREQ: 1320 Hz
[INFO |05:49:04] [PASS]    MAGNITUDE: -38.00 (-46.62 < x < -36.53)
[INFO |05:49:04] [INFO]        THD  : 0.12             
[INFO |05:49:04] [PASS]        THDPN: 0.36 (x < 10.00)
[INFO |05:49:04] [PASS]        RNB  : 0.03 (x < 1.00)
[INFO |05:49:04] [INFO]        RNBPN: 0.34             
[INFO |05:49:04] FREQ: 1250 Hz
[INFO |05:49:04] [PASS]    MAGNITUDE: -35.79 (-43.86 < x < -33.72)
[INFO |05:49:04] [INFO]        THD  : 0.18             
[INFO |05:49:04] [PASS]        THDPN: 0.27 (x < 10.00)
[INFO |05:49:04] [PASS]        RNB  : 0.02 (x < 1.00)
[INFO |05:49:04] [INFO]        RNBPN: 0.19             
[INFO |05:49:04] FREQ: 1180 Hz
[INFO |05:49:04] [PASS]    MAGNITUDE: -41.94 (-44.76 < x < -34.62)
[INFO |05:49:04] [INFO]        THD  : 0.13             
[INFO |05:49:04] [PASS]        THDPN: 0.42 (x < 10.00)
[INFO |05:49:04] [PASS]        RNB  : 0.04 (x < 1.00)
[INFO |05:49:04] [INFO]        RNBPN: 0.40             
[INFO |05:49:04] FREQ: 1120 Hz
[INFO |05:49:04] [PASS]    MAGNITUDE: -38.33 (-44.61 < x < -34.38)
[INFO |05:49:04] [INFO]        THD  : 0.13             
[INFO |05:49:04] [PASS]        THDPN: 0.24 (x < 10.00)
[INFO |05:49:04] [PASS]        RNB  : 0.03 (x < 1.00)
[INFO |05:49:04] [INFO]        RNBPN: 0.19             
[INFO |05:49:04] FREQ: 1060 Hz
[INFO |05:49:04] [PASS]    MAGNITUDE: -38.49 (-45.73 < x < -35.61)
[INFO |05:49:04] [INFO]        THD  : 0.13             
[INFO |05:49:04] [PASS]        THDPN: 0.45 (x < 10.00)
[INFO |05:49:04] [PASS]        RNB  : 0.04 (x < 1.00)
[INFO |05:49:04] [INFO]        RNBPN: 0.42             
[INFO |05:49:04] FREQ: 1000 Hz
[INFO |05:49:04] [PASS]    MAGNITUDE: -37.27 (-43.98 < x < -33.82)
[INFO |05:49:04] [INFO]        THD  : 0.13             
[INFO |05:49:04] [PASS]        THDPN: 0.25 (x < 10.00)
[INFO |05:49:04] [PASS]        RNB  : 0.04 (x < 1.00)
[INFO |05:49:04] [INFO]        RNBPN: 0.21             
[INFO |05:49:04] FREQ: 950 Hz
[INFO |05:49:04] [PASS]    MAGNITUDE: -42.49 (-45.13 < x < -35.01)
[INFO |05:49:04] [INFO]        THD  : 0.16             
[INFO |05:49:04] [PASS]        THDPN: 0.47 (x < 10.00)
[INFO |05:49:04] [PASS]        RNB  : 0.10 (x < 1.00)
[INFO |05:49:04] [INFO]        RNBPN: 0.40             
[INFO |05:49:04] FREQ: 900 Hz
[INFO |05:49:04] [PASS]    MAGNITUDE: -41.20 (-45.92 < x < -35.82)
[INFO |05:49:04] [INFO]        THD  : 0.11             
[INFO |05:49:04] [PASS]        THDPN: 0.43 (x < 10.00)
[INFO |05:49:04] [PASS]        RNB  : 0.17 (x < 1.00)
[INFO |05:49:04] [INFO]        RNBPN: 0.42             
[INFO |05:49:04] FREQ: 850 Hz
[INFO |05:49:04] [PASS]    MAGNITUDE: -36.79 (-42.74 < x < -32.68)
[INFO |05:49:04] [INFO]        THD  : 0.11             
[INFO |05:49:04] [PASS]        THDPN: 0.21 (x < 10.00)
[INFO |05:49:04] [PASS]        RNB  : 0.05 (x < 1.00)
[INFO |05:49:04] [INFO]        RNBPN: 0.17             
[INFO |05:49:04] FREQ: 800 Hz
[INFO |05:49:04] [PASS]    MAGNITUDE: -37.33 (-44.27 < x < -34.19)
[INFO |05:49:04] [INFO]        THD  : 0.12             
[INFO |05:49:04] [PASS]        THDPN: 0.35 (x < 10.00)
[INFO |05:49:04] [PASS]        RNB  : 0.02 (x < 1.00)
[INFO |05:49:04] [INFO]        RNBPN: 0.33             
[INFO |05:49:04] FREQ: 750 Hz
[INFO |05:49:04] [PASS]    MAGNITUDE: -37.67 (-43.91 < x < -33.81)
[INFO |05:49:04] [INFO]        THD  : 0.11             
[INFO |05:49:04] [PASS]        THDPN: 0.35 (x < 10.00)
[INFO |05:49:04] [PASS]        RNB  : 0.08 (x < 1.00)
[INFO |05:49:04] [INFO]        RNBPN: 0.34             
[INFO |05:49:04] FREQ: 710 Hz
[INFO |05:49:04] [PASS]    MAGNITUDE: -37.01 (-43.72 < x < -33.60)
[INFO |05:49:04] [INFO]        THD  : 0.11             
[INFO |05:49:04] [PASS]        THDPN: 0.21 (x < 10.00)
[INFO |05:49:04] [PASS]        RNB  : 0.03 (x < 1.00)
[INFO |05:49:04] [INFO]        RNBPN: 0.18             
[INFO |05:49:04] FREQ: 670 Hz
[INFO |05:49:04] [PASS]    MAGNITUDE: -38.23 (-45.01 < x < -34.91)
[INFO |05:49:04] [INFO]        THD  : 0.13             
[INFO |05:49:04] [PASS]        THDPN: 0.36 (x < 10.00)
[INFO |05:49:04] [PASS]        RNB  : 0.03 (x < 1.00)
[INFO |05:49:04] [INFO]        RNBPN: 0.34             
[INFO |05:49:04] FREQ: 630 Hz
[INFO |05:49:04] [PASS]    MAGNITUDE: -39.43 (-44.94 < x < -34.86)
[INFO |05:49:04] [INFO]        THD  : 0.14             
[INFO |05:49:04] [PASS]        THDPN: 0.37 (x < 10.00)
[INFO |05:49:04] [PASS]        RNB  : 0.02 (x < 1.00)
[INFO |05:49:04] [INFO]        RNBPN: 0.34             
[INFO |05:49:04] FREQ: 600 Hz
[INFO |05:49:04] [PASS]    MAGNITUDE: -38.64 (-44.03 < x < -33.92)
[INFO |05:49:04] [INFO]        THD  : 0.15             
[INFO |05:49:04] [PASS]        THDPN: 0.35 (x < 10.00)
[INFO |05:49:04] [PASS]        RNB  : 0.03 (x < 1.00)
[INFO |05:49:04] [INFO]        RNBPN: 0.31             
[INFO |05:49:04] FREQ: 560 Hz
[INFO |05:49:04] [PASS]    MAGNITUDE: -36.80 (-43.53 < x < -33.39)
[INFO |05:49:04] [INFO]        THD  : 0.15             
[INFO |05:49:04] [PASS]        THDPN: 0.23 (x < 10.00)
[INFO |05:49:04] [PASS]        RNB  : 0.02 (x < 1.00)
[INFO |05:49:04] [INFO]        RNBPN: 0.17             
[INFO |05:49:04] FREQ: 530 Hz
[INFO |05:49:04] [PASS]    MAGNITUDE: -37.58 (-43.42 < x < -33.27)
[INFO |05:49:04] [INFO]        THD  : 0.13             
[INFO |05:49:04] [PASS]        THDPN: 0.32 (x < 10.00)
[INFO |05:49:04] [PASS]        RNB  : 0.02 (x < 1.00)
[INFO |05:49:04] [INFO]        RNBPN: 0.29             
[INFO |05:49:04] FREQ: 500 Hz
[INFO |05:49:04] [PASS]    MAGNITUDE: -38.95 (-44.39 < x < -34.26)
[INFO |05:49:04] [INFO]        THD  : 0.11             
[INFO |05:49:04] [PASS]        THDPN: 0.43 (x < 10.00)
[INFO |05:49:04] [PASS]        RNB  : 0.02 (x < 1.00)
[INFO |05:49:04] [INFO]        RNBPN: 0.42             
[INFO |05:49:04] FREQ: 475 Hz
[INFO |05:49:04] [PASS]    MAGNITUDE: -38.35 (-43.36 < x < -33.22)
[INFO |05:49:04] [INFO]        THD  : 0.10             
[INFO |05:49:04] [PASS]        THDPN: 0.25 (x < 10.00)
[INFO |05:49:04] [PASS]        RNB  : 0.02 (x < 1.00)
[INFO |05:49:04] [INFO]        RNBPN: 0.22             
[INFO |05:49:04] FREQ: 450 Hz
[INFO |05:49:04] [PASS]    MAGNITUDE: -38.41 (-43.62 < x < -33.49)
[INFO |05:49:04] [INFO]        THD  : 0.07             
[INFO |05:49:04] [PASS]        THDPN: 0.30 (x < 10.00)
[INFO |05:49:04] [PASS]        RNB  : 0.02 (x < 1.00)
[INFO |05:49:04] [INFO]        RNBPN: 0.29             
[INFO |05:49:04] FREQ: 425 Hz
[INFO |05:49:04] [PASS]    MAGNITUDE: -38.86 (-44.60 < x < -34.47)
[INFO |05:49:04] [INFO]        THD  : 0.08             
[INFO |05:49:04] [PASS]        THDPN: 0.43 (x < 10.00)
[INFO |05:49:04] [PASS]        RNB  : 0.02 (x < 1.00)
[INFO |05:49:04] [INFO]        RNBPN: 0.42             
[INFO |05:49:04] FREQ: 400 Hz
[INFO |05:49:04] [PASS]    MAGNITUDE: -36.62 (-43.53 < x < -33.38)
[INFO |05:49:04] [INFO]        THD  : 0.09             
[INFO |05:49:04] [PASS]        THDPN: 0.25 (x < 10.00)
[INFO |05:49:04] [PASS]        RNB  : 0.02 (x < 1.00)
[INFO |05:49:04] [INFO]        RNBPN: 0.23             
[INFO |05:49:04] FREQ: 375 Hz
[INFO |05:49:04] [PASS]    MAGNITUDE: -36.37 (-43.55 < x < -33.40)
[INFO |05:49:04] [INFO]        THD  : 0.09             
[INFO |05:49:04] [PASS]        THDPN: 0.23 (x < 10.00)
[INFO |05:49:04] [PASS]        RNB  : 0.02 (x < 1.00)
[INFO |05:49:04] [INFO]        RNBPN: 0.22             
[INFO |05:49:04] FREQ: 355 Hz
[INFO |05:49:04] [PASS]    MAGNITUDE: -36.30 (-43.31 < x < -33.19)
[INFO |05:49:04] [INFO]        THD  : 0.09             
[INFO |05:49:04] [PASS]        THDPN: 0.18 (x < 10.00)
[INFO |05:49:04] [PASS]        RNB  : 0.02 (x < 1.00)
[INFO |05:49:04] [INFO]        RNBPN: 0.16             
[INFO |05:49:04] FREQ: 335 Hz
[INFO |05:49:04] [PASS]    MAGNITUDE: -36.53 (-43.34 < x < -33.20)
[INFO |05:49:04] [INFO]        THD  : 0.11             
[INFO |05:49:04] [PASS]        THDPN: 0.22 (x < 10.00)
[INFO |05:49:04] [PASS]        RNB  : 0.02 (x < 1.00)
[INFO |05:49:04] [INFO]        RNBPN: 0.20             
[INFO |05:49:04] FREQ: 315 Hz
[INFO |05:49:04] [PASS]    MAGNITUDE: -36.89 (-43.65 < x < -33.51)
[INFO |05:49:04] [INFO]        THD  : 0.19             
[INFO |05:49:04] [PASS]        THDPN: 0.35 (x < 10.00)
[INFO |05:49:04] [PASS]        RNB  : 0.02 (x < 1.00)
[INFO |05:49:04] [INFO]        RNBPN: 0.29             
[INFO |05:49:04] FREQ: 300 Hz
[INFO |05:49:04] [PASS]    MAGNITUDE: -36.74 (-43.56 < x < -33.42)
[INFO |05:49:04] [INFO]        THD  : 0.14             
[INFO |05:49:04] [PASS]        THDPN: 0.25 (x < 10.00)
[INFO |05:49:04] [PASS]        RNB  : 0.02 (x < 1.00)
[INFO |05:49:04] [INFO]        RNBPN: 0.20             
[INFO |05:49:04] FREQ: 280 Hz
[INFO |05:49:04] [PASS]    MAGNITUDE: -36.41 (-43.67 < x < -33.51)
[INFO |05:49:04] [INFO]        THD  : 0.20             
[INFO |05:49:04] [PASS]        THDPN: 0.26 (x < 10.00)
[INFO |05:49:04] [PASS]        RNB  : 0.02 (x < 1.00)
[INFO |05:49:04] [INFO]        RNBPN: 0.16             
[INFO |05:49:04] FREQ: 265 Hz
[INFO |05:49:04] [PASS]    MAGNITUDE: -37.08 (-44.54 < x < -34.37)
[INFO |05:49:04] [INFO]        THD  : 0.19             
[INFO |05:49:04] [PASS]        THDPN: 0.38 (x < 10.00)
[INFO |05:49:04] [PASS]        RNB  : 0.02 (x < 1.00)
[INFO |05:49:04] [INFO]        RNBPN: 0.32             
[INFO |05:49:04] FREQ: 250 Hz
[INFO |05:49:04] [PASS]    MAGNITUDE: -36.25 (-43.72 < x < -33.54)
[INFO |05:49:04] [INFO]        THD  : 0.22             
[INFO |05:49:04] [PASS]        THDPN: 0.34 (x < 10.00)
[INFO |05:49:04] [PASS]        RNB  : 0.02 (x < 1.00)
[INFO |05:49:04] [INFO]        RNBPN: 0.26             
[INFO |05:49:04] FREQ: 236 Hz
[INFO |05:49:04] [PASS]    MAGNITUDE: -35.82 (-43.48 < x < -33.30)
[INFO |05:49:04] [INFO]        THD  : 0.23             
[INFO |05:49:04] [PASS]        THDPN: 0.31 (x < 10.00)
[INFO |05:49:04] [PASS]        RNB  : 0.02 (x < 1.00)
[INFO |05:49:04] [INFO]        RNBPN: 0.20             
[INFO |05:49:04] FREQ: 224 Hz
[INFO |05:49:04] [PASS]    MAGNITUDE: -35.78 (-43.61 < x < -33.42)
[INFO |05:49:04] [INFO]        THD  : 0.26             
[INFO |05:49:04] [PASS]        THDPN: 0.34 (x < 10.00)
[INFO |05:49:04] [PASS]        RNB  : 0.01 (x < 1.00)
[INFO |05:49:04] [INFO]        RNBPN: 0.22             
[INFO |05:49:04] FREQ: 212 Hz
[INFO |05:49:04] [PASS]    MAGNITUDE: -36.19 (-44.05 < x < -33.85)
[INFO |05:49:04] [INFO]        THD  : 0.32             
[INFO |05:49:04] [PASS]        THDPN: 0.42 (x < 10.00)
[INFO |05:49:04] [PASS]        RNB  : 0.02 (x < 1.00)
[INFO |05:49:04] [INFO]        RNBPN: 0.28             
[INFO |05:49:04] FREQ: 200 Hz
[INFO |05:49:04] [PASS]    MAGNITUDE: -36.49 (-44.37 < x < -34.16)
[INFO |05:49:04] [INFO]        THD  : 0.41             
[INFO |05:49:04] [PASS]        THDPN: 0.52 (x < 10.00)
[INFO |05:49:04] [PASS]        RNB  : 0.01 (x < 1.00)
[INFO |05:49:04] [INFO]        RNBPN: 0.33             
[INFO |05:49:04] ---END--------------------------------------------------------------------------
[INFO |05:49:04] 
[INFO |05:49:04] ==============================
[INFO |05:49:04] Test Result: PASS
[INFO |05:49:04] ==============================
[INFO |05:49:04] 
[INFO |05:49:04] 
[INFO |05:49:04] [pass] -audio_mic_1_test-
[INFO |05:49:04] Time Elapsed: 28.261 sec [511, [SL-AUD-ETH] HF Mic_1 test]
[INFO |05:49:04] 
[INFO |05:49:04]   ID  Test Name                       Count  Pass/Fail
[INFO |05:49:04] --------------------------------------------------------------------------------
[INFO |05:49:04]  511  [SL-AUD-ETH] HF Mic_1 test        1       1/0   [OK, 0]
[INFO |05:49:04] Run [SL-AUD-ETH] HF Mic_2 test...
[INFO |05:49:04] soundcheck_rule_product = ('udw_pro', 'UTP-TOUCHMAX', 'ua-thermalscan', 'uvc-dslrbullet', 'UTP-TOUCH', 'uvc_g4bullet', 'uvc_g5bullet', 'uvc_g4dbb', 'uvc_g5dome', 'uvc_g5flex', 'ua-g2-reader-pro', 'uc_control', 'uvc_g4dbpropoe', 'uvc_aipro', 'uvc_ai_lpr', 'afi_aln_pe', 'ua_g2', 'uc_audience', 'UTP-G3-TOUCHMAX-WALL', 'UTP-G3-Touch-Pro', 'UTP-G3-Touch-Enterprise', 'uvc-ai360', 'uvc_g5ptz', 'UA-Intercom', 'UA-G3-Intercom', 'UA-Intercom-Viewer', 'UT-G3-Handset', 'ua-g2-flex', 'uvc_ai_turret', 'uvc_ai_dome', 'uvc_g6_bullet', 'uvc_g6_turret', 'uvc_g6_dome', 'uvc_g6_ins', 'UP-Alarmpad', 'ua-g3-flex', 'UCP', 'up-ai-horn-speaker-w', 'up-ai-horn-speaker-b', 'uvc_doorbell_b', 'uvc_doorbell_w', 'usl_siren_us', 'usl_siren_eu', 'uvc_g6_ptz_w', 'uvc_g6_ptz_b', 'uvc_g6_pro_bullet_w', 'uvc_g6_pro_turret_w', 'uvc_g6_pro_dome_w', 'uacc_visor', 'uvc_g6_bullet_b', 'uvc_g6_turret_b', 'uvc_g6_dome_b', 'uvc_g6_pro_bullet_b', 'uvc_g6_pro_turret_b', 'uvc_g6_pro_dome_b', 'usl_glassbreak_us', 'usl_glassbreak_eu', 'uvc_g6_180_b', 'uvc_g6_pro_360_w', 'uvc_g6_pro_360_b', 'up_siren', 'ua-retrofit-reader', 'uvc_g6_entry', 'uvc_g6_pro_entry', 'ua-g3-fingerprint')
[INFO |05:49:04] 
[INFO |05:49:04] [audio_mic_2] test config...
[INFO |05:49:04] record_sec           = 25
[INFO |05:49:04] delay_start_record_sec = 0
[INFO |05:49:04] volume_mic           = 62
[INFO |05:49:04] src_file             = stweep_1_12_OTC_0p2sec_HF_mouth.wav
[INFO |05:49:04] dut_record_wav_path  = /sdcard/dmic1.wav
[INFO |05:49:04] criterion_ini        = G3TouchPro_HF_mic_2_VN_20240504.ini
[INFO |05:49:04] ref_mic_file         = ref_mic_calibration1.txt
[INFO |05:49:04] output_device        = (4- PMA
[INFO |05:49:04] 
[DEBUG|05:49:04] [Class: MicTest]
[INFO |05:49:04] 
[INFO |05:49:04] Running: ['-s', '192.168.1.20', 'shell', 'su', 'root', 'settings put system sound_effects_enabled 0']
D:\FTU\FTU_efbb_1.0.24_3.18.16_UTP-G3-Touch-Pro\tools\android_tool\adb.exe -s 192.168.1.20 shell su root settings put system sound_effects_enabled 0
[INFO |05:49:04] rsp = 
[INFO |05:49:04] 
[INFO |05:49:04] Running: ['-s', '192.168.1.20', 'shell', 'su', 'root', 'rm /sdcard/dmic1.wav']
D:\FTU\FTU_efbb_1.0.24_3.18.16_UTP-G3-Touch-Pro\tools\android_tool\adb.exe -s 192.168.1.20 shell su root rm /sdcard/dmic1.wav
[INFO |05:49:04] rsp = 
[INFO |05:49:04] path of wav file, D:\FTU\FTU_efbb_1.0.24_3.18.16_UTP-G3-Touch-Pro\tools\audio\stweep_1_12_OTC_0p2sec_HF_mouth.wav
[INFO |05:49:04] 
[INFO |05:49:04] "_get_output_device_idx"
[INFO |05:49:04] Input Device id 0 - Microsoft Sound Mapper - Input
[INFO |05:49:04] Input Device id 1 - line (2- Roland Rubix 22)
[INFO |05:49:04] Input Device id 2 - line (Roland Rubix 22)
[INFO |05:49:04] Output Device id 3 - Microsoft Sound Mapper - Output
[INFO |05:49:04] Output Device id 4 - Digital Audio Interface (4- PMA
[INFO |05:49:04] Output Device id 5 - Digital Audio Interface (5- PMA
[INFO |05:49:04] 
[INFO |05:49:04] ["output_device"] "(4- PMA" found, index = 4
[INFO |05:49:04] 
[INFO |05:49:04] Set default output device: (4- PMA
[INFO |05:49:04] Unmuted device: (4- PMA
[INFO |05:49:04] Set device (4- PMA volume to 100%
[INFO |05:49:04] playback start
[INFO |05:49:04] DUT start to record
[INFO |05:49:04] 
[INFO |05:49:04] Running: ['-s', '192.168.1.20', 'shell', 'su', 'root', 'mm-audio-ftm -c /vendor/etc/ftm_test_config_wcd9335 -tc 17 -d 25 -v 62 -file /sdcard/dmic1.wav']
D:\FTU\FTU_efbb_1.0.24_3.18.16_UTP-G3-Touch-Pro\tools\android_tool\adb.exe -s 192.168.1.20 shell su root mm-audio-ftm -c /vendor/etc/ftm_test_config_wcd9335 -tc 17 -d 25 -v 62 -file /sdcard/dmic1.wav
[INFO |05:49:25] playback stop
[INFO |05:49:31] rsp = size of ftm_tc_devices_tabla = 45

size of ftm_tc_devices_sitar = 28

size of ftm_tc_devices_taiko = 43

SoundCardInfo  0 [msm8953tashalit]: msm8953-tashali - msm8953-tashalite-snd-card



soundCardName msm8953-tashalite-snd-card

Use the codec ftm_test_config file



 Conf file name /vendor/etc/ftm_test_config_wcd9335

 Test case number 17

 duration set to 25

 Volume level set to 62

 File name is /sdcard/dmic1.wav

 Call parse function to enable

Found tc 17 1 seq enable

 #DMIC2

 Sequence for enable found

 Set SLIM_0_TX Channels One

 Set AIF1_CAP Mixer SLIM TX7 1

 Set MultiMedia1 Mixer SLIM_0_TX 1

 Set SLIM TX7 MUX DEC7

 Set ADC MUX7 DMIC

 Set DMIC MUX7 DMIC1

 Set DEC7 Volume 76

 Set Path to device: 2

ftm_audio_set_path: 8875



 audio_ftm_hw_iocontrol: capturedevice -1 playback 0record_file: period size 960 buf size 1920

done

FTM: audio_ftm_hw_iocontrol:1023 - 

 PCM Close not calledaud_ftm_common_stop: 9019



 Call parse function to disable

Found tc 17 1 seq disable

 #DMIC2

 Sequence for disable found

 Set DEC7 Volume 0

 Set MultiMedia1 Mixer SLIM_0_TX 0

 Set SLIM_0_TX Channels One

 Set AIF1_CAP Mixer SLIM TX7 0

 Set SLIM TX7 MUX ZERO

 Set DMIC MUX7 ZEROtest 17 success


[INFO |05:49:31] DUT stop to record
[INFO |05:49:31] get recorded wav file from DUT(/sdcard/dmic1.wav) to host(D:\FTU\FTU_efbb_1.0.24_3.18.16_UTP-G3-Touch-Pro\logs\audio\9041B25CA6A2_20260405T054733+08_UniFiTalk_audio_mic_2.wav)
[INFO |05:49:31] 
[INFO |05:49:31] Running: ['-s', '192.168.1.20', 'pull', '/sdcard/dmic1.wav', 'D:\\FTU\\FTU_efbb_1.0.24_3.18.16_UTP-G3-Touch-Pro\\logs\\audio\\9041B25CA6A2_20260405T054733+08_UniFiTalk_audio_mic_2.wav']
D:\FTU\FTU_efbb_1.0.24_3.18.16_UTP-G3-Touch-Pro\tools\android_tool\adb.exe -s 192.168.1.20 pull /sdcard/dmic1.wav D:\FTU\FTU_efbb_1.0.24_3.18.16_UTP-G3-Touch-Pro\logs\audio\9041B25CA6A2_20260405T054733+08_UniFiTalk_audio_mic_2.wav
[INFO |05:49:31] rsp = /sdcard/dmic1.wav: 1 file pulled, 0 skipped. 45.6 MB/s (2490284 bytes in 0.052s)


[INFO |05:49:32] spec_path = D:\FTU\FTU_efbb_1.0.24_3.18.16_UTP-G3-Touch-Pro\tools\UTP-G3-Touch-Pro\audio\G3TouchPro_HF_mic_2_VN_20240504.ini
[INFO |05:49:32] 
[INFO |05:49:32] Init parameter table...
[DEBUG|05:49:32] SampleRate = 44100
[DEBUG|05:49:32] Minimum silence length = 3.00 sec
[DEBUG|05:49:32] EnablePlot = 1
[DEBUG|05:49:32] RubBuzzFlg = 1
[DEBUG|05:49:32] ComNoiseDetFlg = 1
[DEBUG|05:49:32] PopNoiseDetFlg = 1
[DEBUG|05:49:32] CNDStartFreq = 2000 Hz
[DEBUG|05:49:32] CNDEndFreq = 15000 Hz
[DEBUG|05:49:32] CNDDiffdBVal = 20.00 dB
[DEBUG|05:49:32] PNDStd = 5
[DEBUG|05:49:32] PNDThreshold = 0.20 dB
[INFO |05:49:32] Init parameter table...
[INFO |05:49:32] UTP-G3-Touch-Pro in soundcheck_rule_product = ('udw_pro', 'UTP-TOUCHMAX', 'ua-thermalscan', 'uvc-dslrbullet', 'UTP-TOUCH', 'uvc_g4bullet', 'uvc_g5bullet', 'uvc_g4dbb', 'uvc_g5dome', 'uvc_g5flex', 'ua-g2-reader-pro', 'uc_control', 'uvc_g4dbpropoe', 'uvc_aipro', 'uvc_ai_lpr', 'afi_aln_pe', 'ua_g2', 'uc_audience', 'UTP-G3-TOUCHMAX-WALL', 'UTP-G3-Touch-Pro', 'UTP-G3-Touch-Enterprise', 'uvc-ai360', 'uvc_g5ptz', 'UA-Intercom', 'UA-G3-Intercom', 'UA-Intercom-Viewer', 'UT-G3-Handset', 'ua-g2-flex', 'uvc_ai_turret', 'uvc_ai_dome', 'uvc_g6_bullet', 'uvc_g6_turret', 'uvc_g6_dome', 'uvc_g6_ins', 'UP-Alarmpad', 'ua-g3-flex', 'UCP', 'up-ai-horn-speaker-w', 'up-ai-horn-speaker-b', 'uvc_doorbell_b', 'uvc_doorbell_w', 'usl_siren_us', 'usl_siren_eu', 'uvc_g6_ptz_w', 'uvc_g6_ptz_b', 'uvc_g6_pro_bullet_w', 'uvc_g6_pro_turret_w', 'uvc_g6_pro_dome_w', 'uacc_visor', 'uvc_g6_bullet_b', 'uvc_g6_turret_b', 'uvc_g6_dome_b', 'uvc_g6_pro_bullet_b', 'uvc_g6_pro_turret_b', 'uvc_g6_pro_dome_b', 'usl_glassbreak_us', 'usl_glassbreak_eu', 'uvc_g6_180_b', 'uvc_g6_pro_360_w', 'uvc_g6_pro_360_b', 'up_siren', 'ua-retrofit-reader', 'uvc_g6_entry', 'uvc_g6_pro_entry', 'ua-g3-fingerprint')
[INFO |05:49:32] go with new soundcheck rule
[INFO |05:49:32] get_calibrator_dBFS = -12.098774909973145
[INFO |05:49:32] model = UTP-G3-Touch-Pro
[INFO |05:49:32] input_file.channels = 1
[INFO |05:49:32] np.concatenate(y) = [0.         0.         0.         ... 0.00036621 0.00039673 0.00036621]
[INFO |05:49:32] orig_sr = 48000
[INFO |05:49:32] num_remove_sample = 1920, start to remove samples
[INFO |05:49:32] before remove_smaples, len(y) = 1245120
[INFO |05:49:32] after remove_smaples, len(y) = 1243200
[INFO |05:49:32] 
[INFO |05:49:32] --------------------------------------------------------------------------------
[INFO |05:49:32] --------------------------------------------------------------------------------
[INFO |05:49:32] Audio FTU version: 1.3.1
[INFO |05:49:32] mode: mic
[INFO |05:49:32] isSoundCheck: True
[INFO |05:49:32] SAvgPwr: -63.73 dBFS
[INFO |05:49:32] Golden_SAvgPwr: -70.00 dBFS
[INFO |05:49:32] [PASS] SAvgPwr_Diff: 6.27 dBFS(x < 7.00)
[INFO |05:49:32] [PASS] Locate tone: True
[INFO |05:49:32] [PASS] Silence Length:  4.89 second (x >  3.00)
[INFO |05:49:32] [PASS] ComNoiseExist: 0 (x = 0)
[INFO |05:49:32] [PASS] Component Noise: 10174~13608 Hz
[INFO |05:49:32] [PASS] Component Peak at 12155 Hz, -121.20 dBFS, Height: 03.07 dB
[INFO |05:49:32] [PASS] PopNoiseExist: False, Pop noise density: 0.000‰
[INFO |05:49:32] FREQ: 10000 Hz
[INFO |05:49:32] [PASS]    MAGNITUDE: -20.88 (-28.27 < x < -13.95)
[INFO |05:49:32] [INFO]        THD  : 0.46             
[INFO |05:49:32] [PASS]        THDPN: 0.49 (x < 10.00)
[INFO |05:49:32] FREQ: 9500 Hz
[INFO |05:49:32] [PASS]    MAGNITUDE: -22.23 (-28.27 < x < -13.95)
[INFO |05:49:32] [INFO]        THD  : 0.43             
[INFO |05:49:32] [PASS]        THDPN: 0.54 (x < 10.00)
[INFO |05:49:32] FREQ: 9000 Hz
[INFO |05:49:32] [PASS]    MAGNITUDE: -25.06 (-28.27 < x < -13.95)
[INFO |05:49:32] [INFO]        THD  : 0.26             
[INFO |05:49:32] [PASS]        THDPN: 0.28 (x < 10.00)
[INFO |05:49:32] FREQ: 8500 Hz
[INFO |05:49:32] [PASS]    MAGNITUDE: -22.16 (-28.27 < x < -13.95)
[INFO |05:49:32] [INFO]        THD  : 0.37             
[INFO |05:49:32] [PASS]        THDPN: 0.53 (x < 10.00)
[INFO |05:49:32] FREQ: 8000 Hz
[INFO |05:49:32] [PASS]    MAGNITUDE: -18.77 (-28.27 < x < -13.95)
[INFO |05:49:32] [INFO]        THD  : 0.59             
[INFO |05:49:32] [PASS]        THDPN: 0.59 (x < 10.00)
[INFO |05:49:32] FREQ: 7500 Hz
[INFO |05:49:32] [PASS]    MAGNITUDE: -21.18 (-28.27 < x < -13.95)
[INFO |05:49:32] [INFO]        THD  : 0.47             
[INFO |05:49:32] [PASS]        THDPN: 0.54 (x < 10.00)
[INFO |05:49:32] FREQ: 7100 Hz
[INFO |05:49:32] [PASS]    MAGNITUDE: -28.73 (-32.55 < x < -21.06)
[INFO |05:49:32] [INFO]        THD  : 0.34             
[INFO |05:49:32] [PASS]        THDPN: 0.51 (x < 10.00)
[INFO |05:49:32] FREQ: 6700 Hz
[INFO |05:49:32] [PASS]    MAGNITUDE: -33.55 (-38.90 < x < -27.93)
[INFO |05:49:32] [INFO]        THD  : 0.15             
[INFO |05:49:32] [PASS]        THDPN: 0.34 (x < 10.00)
[INFO |05:49:32] FREQ: 6300 Hz
[INFO |05:49:32] [PASS]    MAGNITUDE: -36.04 (-39.44 < x < -27.93)
[INFO |05:49:32] [INFO]        THD  : 0.21             
[INFO |05:49:32] [PASS]        THDPN: 0.30 (x < 10.00)
[INFO |05:49:32] FREQ: 6000 Hz
[INFO |05:49:32] [PASS]    MAGNITUDE: -29.58 (-35.84 < x < -11.73)
[INFO |05:49:32] [INFO]        THD  : 0.58             
[INFO |05:49:32] [PASS]        THDPN: 0.64 (x < 10.00)
[INFO |05:49:32] FREQ: 5600 Hz
[INFO |05:49:32] [PASS]    MAGNITUDE: -21.51 (-35.71 < x < -11.73)
[INFO |05:49:32] [INFO]        THD  : 0.66             
[INFO |05:49:32] [PASS]        THDPN: 0.67 (x < 10.00)
[INFO |05:49:32] FREQ: 5300 Hz
[INFO |05:49:32] [PASS]    MAGNITUDE: -18.00 (-35.71 < x < -11.73)
[INFO |05:49:32] [INFO]        THD  : 0.95             
[INFO |05:49:32] [PASS]        THDPN: 0.99 (x < 10.00)
[INFO |05:49:32] FREQ: 5000 Hz
[INFO |05:49:32] [PASS]    MAGNITUDE: -27.65 (-35.71 < x < -11.73)
[INFO |05:49:32] [INFO]        THD  : 0.97             
[INFO |05:49:32] [PASS]        THDPN: 1.03 (x < 10.00)
[INFO |05:49:32] FREQ: 4750 Hz
[INFO |05:49:32] [PASS]    MAGNITUDE: -30.42 (-35.71 < x < -11.73)
[INFO |05:49:32] [INFO]        THD  : 0.57             
[INFO |05:49:32] [PASS]        THDPN: 0.60 (x < 10.00)
[INFO |05:49:32] FREQ: 4500 Hz
[INFO |05:49:32] [PASS]    MAGNITUDE: -28.41 (-35.15 < x < -24.30)
[INFO |05:49:32] [INFO]        THD  : 0.54             
[INFO |05:49:32] [PASS]        THDPN: 0.55 (x < 10.00)
[INFO |05:49:32] FREQ: 4250 Hz
[INFO |05:49:32] [PASS]    MAGNITUDE: -33.10 (-39.14 < x < -28.07)
[INFO |05:49:32] [INFO]        THD  : 0.24             
[INFO |05:49:32] [PASS]        THDPN: 0.35 (x < 10.00)
[INFO |05:49:32] FREQ: 4000 Hz
[INFO |05:49:32] [PASS]    MAGNITUDE: -36.53 (-42.00 < x < -31.02)
[INFO |05:49:32] [INFO]        THD  : 0.82             
[INFO |05:49:32] [PASS]        THDPN: 0.93 (x < 10.00)
[INFO |05:49:32] FREQ: 3750 Hz
[INFO |05:49:32] [PASS]    MAGNITUDE: -39.94 (-44.17 < x < -32.99)
[INFO |05:49:32] [INFO]        THD  : 0.58             
[INFO |05:49:32] [PASS]        THDPN: 0.71 (x < 10.00)
[INFO |05:49:32] FREQ: 3550 Hz
[INFO |05:49:32] [PASS]    MAGNITUDE: -38.06 (-40.15 < x < -28.88)
[INFO |05:49:32] [INFO]        THD  : 0.76             
[INFO |05:49:32] [PASS]        THDPN: 0.83 (x < 10.00)
[INFO |05:49:32] FREQ: 3350 Hz
[INFO |05:49:32] [PASS]    MAGNITUDE: -36.45 (-40.58 < x < -29.49)
[INFO |05:49:32] [INFO]        THD  : 0.42             
[INFO |05:49:32] [PASS]        THDPN: 0.49 (x < 10.00)
[INFO |05:49:32] FREQ: 3150 Hz
[INFO |05:49:32] [PASS]    MAGNITUDE: -40.47 (-44.33 < x < -33.22)
[INFO |05:49:32] [INFO]        THD  : 0.69             
[INFO |05:49:32] [PASS]        THDPN: 0.78 (x < 10.00)
[INFO |05:49:32] FREQ: 3000 Hz
[INFO |05:49:32] [PASS]    MAGNITUDE: -39.11 (-45.19 < x < -34.05)
[INFO |05:49:32] [INFO]        THD  : 0.48             
[INFO |05:49:32] [PASS]        THDPN: 0.60 (x < 10.00)
[INFO |05:49:32] FREQ: 2800 Hz
[INFO |05:49:32] [PASS]    MAGNITUDE: -39.02 (-44.06 < x < -33.11)
[INFO |05:49:32] [INFO]        THD  : 1.16             
[INFO |05:49:32] [PASS]        THDPN: 1.19 (x < 10.00)
[INFO |05:49:32] FREQ: 2650 Hz
[INFO |05:49:32] [PASS]    MAGNITUDE: -37.84 (-43.39 < x < -32.54)
[INFO |05:49:32] [INFO]        THD  : 1.66             
[INFO |05:49:32] [PASS]        THDPN: 1.69 (x < 10.00)
[INFO |05:49:32] FREQ: 2500 Hz
[INFO |05:49:32] [PASS]    MAGNITUDE: -36.97 (-42.28 < x < -31.44)
[INFO |05:49:32] [INFO]        THD  : 0.75             
[INFO |05:49:32] [PASS]        THDPN: 0.82 (x < 10.00)
[INFO |05:49:32] FREQ: 2360 Hz
[INFO |05:49:32] [PASS]    MAGNITUDE: -33.83 (-39.33 < x < -28.52)
[INFO |05:49:32] [INFO]        THD  : 0.44             
[INFO |05:49:32] [PASS]        THDPN: 0.80 (x < 10.00)
[INFO |05:49:32] FREQ: 2240 Hz
[INFO |05:49:32] [PASS]    MAGNITUDE: -38.33 (-44.34 < x < -33.50)
[INFO |05:49:32] [INFO]        THD  : 0.44             
[INFO |05:49:32] [PASS]        THDPN: 0.57 (x < 10.00)
[INFO |05:49:32] FREQ: 2120 Hz
[INFO |05:49:32] [PASS]    MAGNITUDE: -40.25 (-45.11 < x < -34.34)
[INFO |05:49:32] [INFO]        THD  : 0.52             
[INFO |05:49:32] [PASS]        THDPN: 0.90 (x < 10.00)
[INFO |05:49:32] FREQ: 2000 Hz
[INFO |05:49:32] [PASS]    MAGNITUDE: -38.02 (-42.68 < x < -31.92)
[INFO |05:49:32] [INFO]        THD  : 0.37             
[INFO |05:49:32] [PASS]        THDPN: 0.56 (x < 10.00)
[INFO |05:49:32] [PASS]        RNB  : 0.01 (x < 1.00)
[INFO |05:49:32] [INFO]        RNBPN: 0.30             
[INFO |05:49:32] FREQ: 1900 Hz
[INFO |05:49:32] [PASS]    MAGNITUDE: -38.76 (-43.16 < x < -32.35)
[INFO |05:49:32] [INFO]        THD  : 0.53             
[INFO |05:49:32] [PASS]        THDPN: 0.77 (x < 10.00)
[INFO |05:49:32] [PASS]        RNB  : 0.01 (x < 1.00)
[INFO |05:49:32] [INFO]        RNBPN: 0.44             
[INFO |05:49:32] FREQ: 1800 Hz
[INFO |05:49:32] [PASS]    MAGNITUDE: -38.23 (-43.91 < x < -33.13)
[INFO |05:49:32] [INFO]        THD  : 0.38             
[INFO |05:49:32] [PASS]        THDPN: 0.52 (x < 10.00)
[INFO |05:49:32] [PASS]        RNB  : 0.03 (x < 1.00)
[INFO |05:49:32] [INFO]        RNBPN: 0.28             
[INFO |05:49:32] FREQ: 1700 Hz
[INFO |05:49:32] [PASS]    MAGNITUDE: -39.60 (-44.72 < x < -33.86)
[INFO |05:49:32] [INFO]        THD  : 0.26             
[INFO |05:49:32] [PASS]        THDPN: 0.41 (x < 10.00)
[INFO |05:49:32] [PASS]        RNB  : 0.02 (x < 1.00)
[INFO |05:49:32] [INFO]        RNBPN: 0.27             
[INFO |05:49:32] FREQ: 1600 Hz
[INFO |05:49:32] [PASS]    MAGNITUDE: -37.70 (-42.66 < x < -31.83)
[INFO |05:49:32] [INFO]        THD  : 0.25             
[INFO |05:49:32] [PASS]        THDPN: 0.45 (x < 10.00)
[INFO |05:49:32] [PASS]        RNB  : 0.03 (x < 1.00)
[INFO |05:49:32] [INFO]        RNBPN: 0.33             
[INFO |05:49:32] FREQ: 1500 Hz
[INFO |05:49:32] [PASS]    MAGNITUDE: -37.93 (-42.58 < x < -31.71)
[INFO |05:49:32] [INFO]        THD  : 0.22             
[INFO |05:49:32] [PASS]        THDPN: 0.44 (x < 10.00)
[INFO |05:49:32] [PASS]        RNB  : 0.03 (x < 1.00)
[INFO |05:49:32] [INFO]        RNBPN: 0.35             
[INFO |05:49:32] FREQ: 1400 Hz
[INFO |05:49:32] [PASS]    MAGNITUDE: -38.39 (-43.16 < x < -32.20)
[INFO |05:49:32] [INFO]        THD  : 0.18             
[INFO |05:49:32] [PASS]        THDPN: 0.28 (x < 10.00)
[INFO |05:49:32] [PASS]        RNB  : 0.03 (x < 1.00)
[INFO |05:49:32] [INFO]        RNBPN: 0.18             
[INFO |05:49:32] FREQ: 1320 Hz
[INFO |05:49:32] [PASS]    MAGNITUDE: -38.13 (-46.16 < x < -34.94)
[INFO |05:49:32] [INFO]        THD  : 0.11             
[INFO |05:49:32] [PASS]        THDPN: 0.35 (x < 10.00)
[INFO |05:49:32] [PASS]        RNB  : 0.03 (x < 1.00)
[INFO |05:49:32] [INFO]        RNBPN: 0.32             
[INFO |05:49:32] FREQ: 1250 Hz
[INFO |05:49:32] [PASS]    MAGNITUDE: -35.75 (-42.52 < x < -31.51)
[INFO |05:49:32] [INFO]        THD  : 0.19             
[INFO |05:49:32] [PASS]        THDPN: 0.26 (x < 10.00)
[INFO |05:49:32] [PASS]        RNB  : 0.02 (x < 1.00)
[INFO |05:49:32] [INFO]        RNBPN: 0.17             
[INFO |05:49:32] FREQ: 1180 Hz
[INFO |05:49:32] [PASS]    MAGNITUDE: -41.25 (-44.61 < x < -33.80)
[INFO |05:49:32] [INFO]        THD  : 0.14             
[INFO |05:49:32] [PASS]        THDPN: 0.40 (x < 10.00)
[INFO |05:49:32] [PASS]        RNB  : 0.04 (x < 1.00)
[INFO |05:49:32] [INFO]        RNBPN: 0.37             
[INFO |05:49:32] FREQ: 1120 Hz
[INFO |05:49:32] [PASS]    MAGNITUDE: -36.82 (-43.37 < x < -32.50)
[INFO |05:49:32] [INFO]        THD  : 0.14             
[INFO |05:49:32] [PASS]        THDPN: 0.21 (x < 10.00)
[INFO |05:49:32] [PASS]        RNB  : 0.03 (x < 1.00)
[INFO |05:49:32] [INFO]        RNBPN: 0.15             
[INFO |05:49:32] FREQ: 1060 Hz
[INFO |05:49:32] [PASS]    MAGNITUDE: -38.07 (-43.77 < x < -33.02)
[INFO |05:49:32] [INFO]        THD  : 0.13             
[INFO |05:49:32] [PASS]        THDPN: 0.43 (x < 10.00)
[INFO |05:49:32] [PASS]        RNB  : 0.03 (x < 1.00)
[INFO |05:49:32] [INFO]        RNBPN: 0.41             
[INFO |05:49:32] FREQ: 1000 Hz
[INFO |05:49:32] [PASS]    MAGNITUDE: -37.02 (-43.42 < x < -32.62)
[INFO |05:49:32] [INFO]        THD  : 0.11             
[INFO |05:49:32] [PASS]        THDPN: 0.23 (x < 10.00)
[INFO |05:49:32] [PASS]        RNB  : 0.04 (x < 1.00)
[INFO |05:49:32] [INFO]        RNBPN: 0.19             
[INFO |05:49:32] FREQ: 950 Hz
[INFO |05:49:32] [PASS]    MAGNITUDE: -41.89 (-44.99 < x < -34.17)
[INFO |05:49:32] [INFO]        THD  : 0.11             
[INFO |05:49:32] [PASS]        THDPN: 0.41 (x < 10.00)
[INFO |05:49:32] [PASS]        RNB  : 0.08 (x < 1.00)
[INFO |05:49:32] [INFO]        RNBPN: 0.39             
[INFO |05:49:32] FREQ: 900 Hz
[INFO |05:49:32] [PASS]    MAGNITUDE: -41.30 (-45.77 < x < -34.88)
[INFO |05:49:32] [INFO]        THD  : 0.11             
[INFO |05:49:32] [PASS]        THDPN: 0.40 (x < 10.00)
[INFO |05:49:32] [PASS]        RNB  : 0.12 (x < 1.00)
[INFO |05:49:32] [INFO]        RNBPN: 0.38             
[INFO |05:49:32] FREQ: 850 Hz
[INFO |05:49:32] [PASS]    MAGNITUDE: -37.87 (-43.09 < x < -32.26)
[INFO |05:49:32] [INFO]        THD  : 0.10             
[INFO |05:49:32] [PASS]        THDPN: 0.21 (x < 10.00)
[INFO |05:49:32] [PASS]        RNB  : 0.04 (x < 1.00)
[INFO |05:49:32] [INFO]        RNBPN: 0.19             
[INFO |05:49:32] FREQ: 800 Hz
[INFO |05:49:32] [PASS]    MAGNITUDE: -38.26 (-44.70 < x < -33.84)
[INFO |05:49:32] [INFO]        THD  : 0.11             
[INFO |05:49:32] [PASS]        THDPN: 0.35 (x < 10.00)
[INFO |05:49:32] [PASS]        RNB  : 0.03 (x < 1.00)
[INFO |05:49:32] [INFO]        RNBPN: 0.33             
[INFO |05:49:32] FREQ: 750 Hz
[INFO |05:49:32] [PASS]    MAGNITUDE: -37.11 (-43.27 < x < -32.43)
[INFO |05:49:32] [INFO]        THD  : 0.11             
[INFO |05:49:32] [PASS]        THDPN: 0.32 (x < 10.00)
[INFO |05:49:32] [PASS]        RNB  : 0.05 (x < 1.00)
[INFO |05:49:32] [INFO]        RNBPN: 0.30             
[INFO |05:49:32] FREQ: 710 Hz
[INFO |05:49:32] [PASS]    MAGNITUDE: -36.95 (-42.68 < x < -31.85)
[INFO |05:49:32] [INFO]        THD  : 0.11             
[INFO |05:49:32] [PASS]        THDPN: 0.21 (x < 10.00)
[INFO |05:49:32] [PASS]        RNB  : 0.03 (x < 1.00)
[INFO |05:49:32] [INFO]        RNBPN: 0.18             
[INFO |05:49:32] FREQ: 670 Hz
[INFO |05:49:32] [PASS]    MAGNITUDE: -38.64 (-44.37 < x < -33.60)
[INFO |05:49:32] [INFO]        THD  : 0.13             
[INFO |05:49:32] [PASS]        THDPN: 0.32 (x < 10.00)
[INFO |05:49:32] [PASS]        RNB  : 0.03 (x < 1.00)
[INFO |05:49:32] [INFO]        RNBPN: 0.29             
[INFO |05:49:32] FREQ: 630 Hz
[INFO |05:49:32] [PASS]    MAGNITUDE: -39.49 (-44.99 < x < -34.20)
[INFO |05:49:32] [INFO]        THD  : 0.14             
[INFO |05:49:32] [PASS]        THDPN: 0.37 (x < 10.00)
[INFO |05:49:32] [PASS]        RNB  : 0.02 (x < 1.00)
[INFO |05:49:32] [INFO]        RNBPN: 0.34             
[INFO |05:49:32] FREQ: 600 Hz
[INFO |05:49:32] [PASS]    MAGNITUDE: -38.73 (-44.30 < x < -33.46)
[INFO |05:49:32] [INFO]        THD  : 0.15             
[INFO |05:49:32] [PASS]        THDPN: 0.34 (x < 10.00)
[INFO |05:49:32] [PASS]        RNB  : 0.03 (x < 1.00)
[INFO |05:49:32] [INFO]        RNBPN: 0.30             
[INFO |05:49:32] FREQ: 560 Hz
[INFO |05:49:32] [PASS]    MAGNITUDE: -37.01 (-43.24 < x < -32.45)
[INFO |05:49:32] [INFO]        THD  : 0.17             
[INFO |05:49:32] [PASS]        THDPN: 0.24 (x < 10.00)
[INFO |05:49:32] [PASS]        RNB  : 0.02 (x < 1.00)
[INFO |05:49:32] [INFO]        RNBPN: 0.17             
[INFO |05:49:32] FREQ: 530 Hz
[INFO |05:49:32] [PASS]    MAGNITUDE: -38.17 (-43.12 < x < -32.29)
[INFO |05:49:32] [INFO]        THD  : 0.13             
[INFO |05:49:32] [PASS]        THDPN: 0.32 (x < 10.00)
[INFO |05:49:32] [PASS]        RNB  : 0.02 (x < 1.00)
[INFO |05:49:32] [INFO]        RNBPN: 0.29             
[INFO |05:49:32] FREQ: 500 Hz
[INFO |05:49:32] [PASS]    MAGNITUDE: -39.69 (-44.30 < x < -33.42)
[INFO |05:49:32] [INFO]        THD  : 0.11             
[INFO |05:49:32] [PASS]        THDPN: 0.43 (x < 10.00)
[INFO |05:49:32] [PASS]        RNB  : 0.02 (x < 1.00)
[INFO |05:49:32] [INFO]        RNBPN: 0.41             
[INFO |05:49:32] FREQ: 475 Hz
[INFO |05:49:32] [PASS]    MAGNITUDE: -39.05 (-43.38 < x < -32.53)
[INFO |05:49:32] [INFO]        THD  : 0.10             
[INFO |05:49:32] [PASS]        THDPN: 0.25 (x < 10.00)
[INFO |05:49:32] [PASS]        RNB  : 0.03 (x < 1.00)
[INFO |05:49:32] [INFO]        RNBPN: 0.23             
[INFO |05:49:32] FREQ: 450 Hz
[INFO |05:49:32] [PASS]    MAGNITUDE: -38.88 (-43.55 < x < -32.75)
[INFO |05:49:32] [INFO]        THD  : 0.07             
[INFO |05:49:32] [PASS]        THDPN: 0.29 (x < 10.00)
[INFO |05:49:32] [PASS]        RNB  : 0.03 (x < 1.00)
[INFO |05:49:32] [INFO]        RNBPN: 0.28             
[INFO |05:49:32] FREQ: 425 Hz
[INFO |05:49:32] [PASS]    MAGNITUDE: -39.04 (-44.35 < x < -33.57)
[INFO |05:49:32] [INFO]        THD  : 0.09             
[INFO |05:49:32] [PASS]        THDPN: 0.43 (x < 10.00)
[INFO |05:49:32] [PASS]        RNB  : 0.02 (x < 1.00)
[INFO |05:49:32] [INFO]        RNBPN: 0.42             
[INFO |05:49:32] FREQ: 400 Hz
[INFO |05:49:32] [PASS]    MAGNITUDE: -36.58 (-43.23 < x < -32.43)
[INFO |05:49:32] [INFO]        THD  : 0.11             
[INFO |05:49:32] [PASS]        THDPN: 0.25 (x < 10.00)
[INFO |05:49:32] [PASS]        RNB  : 0.02 (x < 1.00)
[INFO |05:49:32] [INFO]        RNBPN: 0.22             
[INFO |05:49:32] FREQ: 375 Hz
[INFO |05:49:32] [PASS]    MAGNITUDE: -36.23 (-43.16 < x < -32.28)
[INFO |05:49:32] [INFO]        THD  : 0.10             
[INFO |05:49:32] [PASS]        THDPN: 0.23 (x < 10.00)
[INFO |05:49:32] [PASS]        RNB  : 0.02 (x < 1.00)
[INFO |05:49:32] [INFO]        RNBPN: 0.21             
[INFO |05:49:32] FREQ: 355 Hz
[INFO |05:49:32] [PASS]    MAGNITUDE: -36.19 (-42.83 < x < -31.99)
[INFO |05:49:32] [INFO]        THD  : 0.09             
[INFO |05:49:32] [PASS]        THDPN: 0.17 (x < 10.00)
[INFO |05:49:32] [PASS]        RNB  : 0.02 (x < 1.00)
[INFO |05:49:32] [INFO]        RNBPN: 0.14             
[INFO |05:49:32] FREQ: 335 Hz
[INFO |05:49:32] [PASS]    MAGNITUDE: -36.46 (-42.81 < x < -31.95)
[INFO |05:49:32] [INFO]        THD  : 0.10             
[INFO |05:49:32] [PASS]        THDPN: 0.21 (x < 10.00)
[INFO |05:49:32] [PASS]        RNB  : 0.02 (x < 1.00)
[INFO |05:49:32] [INFO]        RNBPN: 0.19             
[INFO |05:49:32] FREQ: 315 Hz
[INFO |05:49:32] [PASS]    MAGNITUDE: -36.87 (-43.12 < x < -32.28)
[INFO |05:49:32] [INFO]        THD  : 0.20             
[INFO |05:49:32] [PASS]        THDPN: 0.36 (x < 10.00)
[INFO |05:49:32] [PASS]        RNB  : 0.02 (x < 1.00)
[INFO |05:49:32] [INFO]        RNBPN: 0.30             
[INFO |05:49:32] FREQ: 300 Hz
[INFO |05:49:32] [PASS]    MAGNITUDE: -36.75 (-43.05 < x < -32.21)
[INFO |05:49:32] [INFO]        THD  : 0.15             
[INFO |05:49:32] [PASS]        THDPN: 0.25 (x < 10.00)
[INFO |05:49:32] [PASS]        RNB  : 0.02 (x < 1.00)
[INFO |05:49:32] [INFO]        RNBPN: 0.20             
[INFO |05:49:32] FREQ: 280 Hz
[INFO |05:49:32] [PASS]    MAGNITUDE: -36.37 (-43.09 < x < -32.26)
[INFO |05:49:32] [INFO]        THD  : 0.19             
[INFO |05:49:32] [PASS]        THDPN: 0.24 (x < 10.00)
[INFO |05:49:32] [PASS]        RNB  : 0.02 (x < 1.00)
[INFO |05:49:32] [INFO]        RNBPN: 0.15             
[INFO |05:49:32] FREQ: 265 Hz
[INFO |05:49:32] [PASS]    MAGNITUDE: -37.06 (-43.90 < x < -33.08)
[INFO |05:49:32] [INFO]        THD  : 0.18             
[INFO |05:49:32] [PASS]        THDPN: 0.36 (x < 10.00)
[INFO |05:49:32] [PASS]        RNB  : 0.02 (x < 1.00)
[INFO |05:49:32] [INFO]        RNBPN: 0.31             
[INFO |05:49:32] FREQ: 250 Hz
[INFO |05:49:32] [PASS]    MAGNITUDE: -36.28 (-43.21 < x < -32.37)
[INFO |05:49:32] [INFO]        THD  : 0.22             
[INFO |05:49:32] [PASS]        THDPN: 0.34 (x < 10.00)
[INFO |05:49:32] [PASS]        RNB  : 0.02 (x < 1.00)
[INFO |05:49:32] [INFO]        RNBPN: 0.25             
[INFO |05:49:32] FREQ: 236 Hz
[INFO |05:49:32] [PASS]    MAGNITUDE: -35.88 (-42.96 < x < -32.15)
[INFO |05:49:32] [INFO]        THD  : 0.23             
[INFO |05:49:32] [PASS]        THDPN: 0.27 (x < 10.00)
[INFO |05:49:32] [PASS]        RNB  : 0.02 (x < 1.00)
[INFO |05:49:32] [INFO]        RNBPN: 0.15             
[INFO |05:49:32] FREQ: 224 Hz
[INFO |05:49:32] [PASS]    MAGNITUDE: -35.84 (-43.06 < x < -32.27)
[INFO |05:49:32] [INFO]        THD  : 0.24             
[INFO |05:49:32] [PASS]        THDPN: 0.33 (x < 10.00)
[INFO |05:49:32] [PASS]        RNB  : 0.02 (x < 1.00)
[INFO |05:49:32] [INFO]        RNBPN: 0.22             
[INFO |05:49:32] FREQ: 212 Hz
[INFO |05:49:32] [PASS]    MAGNITUDE: -36.24 (-43.50 < x < -32.70)
[INFO |05:49:32] [INFO]        THD  : 0.32             
[INFO |05:49:32] [PASS]        THDPN: 0.43 (x < 10.00)
[INFO |05:49:32] [PASS]        RNB  : 0.02 (x < 1.00)
[INFO |05:49:32] [INFO]        RNBPN: 0.29             
[INFO |05:49:32] FREQ: 200 Hz
[INFO |05:49:32] [PASS]    MAGNITUDE: -36.54 (-43.85 < x < -33.02)
[INFO |05:49:32] [INFO]        THD  : 0.41             
[INFO |05:49:32] [PASS]        THDPN: 0.52 (x < 10.00)
[INFO |05:49:32] [PASS]        RNB  : 0.02 (x < 1.00)
[INFO |05:49:32] [INFO]        RNBPN: 0.31             
[INFO |05:49:32] ---END--------------------------------------------------------------------------
[INFO |05:49:32] 
[INFO |05:49:32] ==============================
[INFO |05:49:32] Test Result: PASS
[INFO |05:49:32] ==============================
[INFO |05:49:32] 
[INFO |05:49:32] 
[INFO |05:49:32] [pass] -audio_mic_2_test-
[INFO |05:49:32] Time Elapsed: 28.270 sec [512, [SL-AUD-ETH] HF Mic_2 test]
[INFO |05:49:32] 
[INFO |05:49:32]   ID  Test Name                       Count  Pass/Fail
[INFO |05:49:32] --------------------------------------------------------------------------------
[INFO |05:49:32]  512  [SL-AUD-ETH] HF Mic_2 test        1       1/0   [OK, 0]
[INFO |05:49:32] Run [SL-AUD-ETH] HS Mic_3 test...
[INFO |05:49:32] soundcheck_rule_product = ('udw_pro', 'UTP-TOUCHMAX', 'ua-thermalscan', 'uvc-dslrbullet', 'UTP-TOUCH', 'uvc_g4bullet', 'uvc_g5bullet', 'uvc_g4dbb', 'uvc_g5dome', 'uvc_g5flex', 'ua-g2-reader-pro', 'uc_control', 'uvc_g4dbpropoe', 'uvc_aipro', 'uvc_ai_lpr', 'afi_aln_pe', 'ua_g2', 'uc_audience', 'UTP-G3-TOUCHMAX-WALL', 'UTP-G3-Touch-Pro', 'UTP-G3-Touch-Enterprise', 'uvc-ai360', 'uvc_g5ptz', 'UA-Intercom', 'UA-G3-Intercom', 'UA-Intercom-Viewer', 'UT-G3-Handset', 'ua-g2-flex', 'uvc_ai_turret', 'uvc_ai_dome', 'uvc_g6_bullet', 'uvc_g6_turret', 'uvc_g6_dome', 'uvc_g6_ins', 'UP-Alarmpad', 'ua-g3-flex', 'UCP', 'up-ai-horn-speaker-w', 'up-ai-horn-speaker-b', 'uvc_doorbell_b', 'uvc_doorbell_w', 'usl_siren_us', 'usl_siren_eu', 'uvc_g6_ptz_w', 'uvc_g6_ptz_b', 'uvc_g6_pro_bullet_w', 'uvc_g6_pro_turret_w', 'uvc_g6_pro_dome_w', 'uacc_visor', 'uvc_g6_bullet_b', 'uvc_g6_turret_b', 'uvc_g6_dome_b', 'uvc_g6_pro_bullet_b', 'uvc_g6_pro_turret_b', 'uvc_g6_pro_dome_b', 'usl_glassbreak_us', 'usl_glassbreak_eu', 'uvc_g6_180_b', 'uvc_g6_pro_360_w', 'uvc_g6_pro_360_b', 'up_siren', 'ua-retrofit-reader', 'uvc_g6_entry', 'uvc_g6_pro_entry', 'ua-g3-fingerprint')
[INFO |05:49:32] 
[INFO |05:49:32] [audio_mic_3] test config...
[INFO |05:49:32] record_sec           = 25
[INFO |05:49:32] delay_start_record_sec = 0
[INFO |05:49:32] volume_mic           = 68
[INFO |05:49:32] src_file             = stweep_1_12_OTC_0p2sec_HS_mouth.wav
[INFO |05:49:32] dut_record_wav_path  = /sdcard/amic1.wav
[INFO |05:49:32] criterion_ini        = G3TouchPro_HS_mic_3_VN_20240504.ini
[INFO |05:49:32] channel_lr           = 0
[INFO |05:49:32] ref_mic_file         = ref_mic_calibration2.txt
[INFO |05:49:32] output_device        = (5- PMA
[INFO |05:49:32] 
[DEBUG|05:49:32] [Class: MicTest]
[INFO |05:49:32] 
[INFO |05:49:32] Running: ['-s', '192.168.1.20', 'shell', 'su', 'root', 'settings put system sound_effects_enabled 0']
D:\FTU\FTU_efbb_1.0.24_3.18.16_UTP-G3-Touch-Pro\tools\android_tool\adb.exe -s 192.168.1.20 shell su root settings put system sound_effects_enabled 0
[INFO |05:49:32] rsp = 
[INFO |05:49:32] 
[INFO |05:49:32] Running: ['-s', '192.168.1.20', 'shell', 'su', 'root', 'rm /sdcard/amic1.wav']
D:\FTU\FTU_efbb_1.0.24_3.18.16_UTP-G3-Touch-Pro\tools\android_tool\adb.exe -s 192.168.1.20 shell su root rm /sdcard/amic1.wav
adb.exe returncode: 1
[INFO |05:49:32] rsp = rm: /sdcard/amic1.wav: No such file or directory


[INFO |05:49:32] path of wav file, D:\FTU\FTU_efbb_1.0.24_3.18.16_UTP-G3-Touch-Pro\tools\audio\stweep_1_12_OTC_0p2sec_HS_mouth.wav
[INFO |05:49:32] 
[INFO |05:49:32] "_get_output_device_idx"
[INFO |05:49:32] Input Device id 0 - Microsoft Sound Mapper - Input
[INFO |05:49:32] Input Device id 1 - line (2- Roland Rubix 22)
[INFO |05:49:32] Input Device id 2 - line (Roland Rubix 22)
[INFO |05:49:32] Output Device id 3 - Microsoft Sound Mapper - Output
[INFO |05:49:32] Output Device id 4 - Digital Audio Interface (4- PMA
[INFO |05:49:32] Output Device id 5 - Digital Audio Interface (5- PMA
[INFO |05:49:32] 
[INFO |05:49:32] ["output_device"] "(5- PMA" found, index = 5
[INFO |05:49:32] 
[INFO |05:49:32] Set default output device: (5- PMA
[INFO |05:49:32] Unmuted device: (5- PMA
[INFO |05:49:32] Set device (5- PMA volume to 100%
[INFO |05:49:32] playback start
[INFO |05:49:32] DUT start to record
[INFO |05:49:32] 
[INFO |05:49:32] Running: ['-s', '192.168.1.20', 'shell', 'su', 'root', 'mm-audio-ftm -c /vendor/etc/ftm_test_config_wcd9335 -tc 10 -d 25 -v 68 -file /sdcard/amic1.wav']
D:\FTU\FTU_efbb_1.0.24_3.18.16_UTP-G3-Touch-Pro\tools\android_tool\adb.exe -s 192.168.1.20 shell su root mm-audio-ftm -c /vendor/etc/ftm_test_config_wcd9335 -tc 10 -d 25 -v 68 -file /sdcard/amic1.wav
[INFO |05:49:53] playback stop
[INFO |05:49:59] rsp = size of ftm_tc_devices_tabla = 45

size of ftm_tc_devices_sitar = 28

size of ftm_tc_devices_taiko = 43

SoundCardInfo  0 [msm8953tashalit]: msm8953-tashali - msm8953-tashalite-snd-card



soundCardName msm8953-tashalite-snd-card

Use the codec ftm_test_config file



 Conf file name /vendor/etc/ftm_test_config_wcd9335

 Test case number 10

 duration set to 25

 Volume level set to 68

 File name is /sdcard/amic1.wav

 Call parse function to enable

Found tc 10 1 seq enable

 #AMIC1

 Sequence for enable found

 Set SLIM_0_TX Channels One

 Set AIF1_CAP Mixer SLIM TX7 1

 Set MultiMedia1 Mixer SLIM_0_TX 1

 Set SLIM TX7 MUX DEC7

 Set ADC MUX7 AMIC

 Set AMIC MUX7 ADC1

 Set DEC7 Volume 84

 Set Path to device: 2

ftm_audio_set_path: 8875



 audio_ftm_hw_iocontrol: capturedevice -1 playback 0record_file: period size 960 buf size 1920

done

FTM: audio_ftm_hw_iocontrol:1023 - 

 PCM Close not calledaud_ftm_common_stop: 9019



 Call parse function to disable

Found tc 10 1 seq disable

 #AMIC1

 Sequence for disable found

 Set DEC7 Volume 0

 Set MultiMedia1 Mixer SLIM_0_TX 0

 Set SLIM_0_TX Channels One

 Set AIF1_CAP Mixer SLIM TX7 0

 Set SLIM TX7 MUX ZERO

 Set ADC MUX7 DMIC

 Set AMIC MUX7 ZEROtest 10 success


[INFO |05:49:59] DUT stop to record
[INFO |05:49:59] get recorded wav file from DUT(/sdcard/amic1.wav) to host(D:\FTU\FTU_efbb_1.0.24_3.18.16_UTP-G3-Touch-Pro\logs\audio\9041B25CA6A2_20260405T054733+08_UniFiTalk_audio_mic_3.wav)
[INFO |05:49:59] 
[INFO |05:49:59] Running: ['-s', '192.168.1.20', 'pull', '/sdcard/amic1.wav', 'D:\\FTU\\FTU_efbb_1.0.24_3.18.16_UTP-G3-Touch-Pro\\logs\\audio\\9041B25CA6A2_20260405T054733+08_UniFiTalk_audio_mic_3.wav']
D:\FTU\FTU_efbb_1.0.24_3.18.16_UTP-G3-Touch-Pro\tools\android_tool\adb.exe -s 192.168.1.20 pull /sdcard/amic1.wav D:\FTU\FTU_efbb_1.0.24_3.18.16_UTP-G3-Touch-Pro\logs\audio\9041B25CA6A2_20260405T054733+08_UniFiTalk_audio_mic_3.wav
[INFO |05:50:00] rsp = /sdcard/amic1.wav: 1 file pulled, 0 skipped. 44.1 MB/s (2490284 bytes in 0.054s)


[INFO |05:50:00] spec_path = D:\FTU\FTU_efbb_1.0.24_3.18.16_UTP-G3-Touch-Pro\tools\UTP-G3-Touch-Pro\audio\G3TouchPro_HS_mic_3_VN_20240504.ini
[INFO |05:50:00] 
[INFO |05:50:00] Init parameter table...
[DEBUG|05:50:00] SampleRate = 44100
[DEBUG|05:50:00] Minimum silence length = 3.00 sec
[DEBUG|05:50:00] EnablePlot = 1
[DEBUG|05:50:00] RubBuzzFlg = 1
[DEBUG|05:50:00] ComNoiseDetFlg = 1
[DEBUG|05:50:00] PopNoiseDetFlg = 1
[DEBUG|05:50:00] CNDStartFreq = 2000 Hz
[DEBUG|05:50:00] CNDEndFreq = 15000 Hz
[DEBUG|05:50:00] CNDDiffdBVal = 20.00 dB
[DEBUG|05:50:00] PNDStd = 5
[DEBUG|05:50:00] PNDThreshold = 0.18 dB
[INFO |05:50:00] Init parameter table...
[INFO |05:50:00] UTP-G3-Touch-Pro in soundcheck_rule_product = ('udw_pro', 'UTP-TOUCHMAX', 'ua-thermalscan', 'uvc-dslrbullet', 'UTP-TOUCH', 'uvc_g4bullet', 'uvc_g5bullet', 'uvc_g4dbb', 'uvc_g5dome', 'uvc_g5flex', 'ua-g2-reader-pro', 'uc_control', 'uvc_g4dbpropoe', 'uvc_aipro', 'uvc_ai_lpr', 'afi_aln_pe', 'ua_g2', 'uc_audience', 'UTP-G3-TOUCHMAX-WALL', 'UTP-G3-Touch-Pro', 'UTP-G3-Touch-Enterprise', 'uvc-ai360', 'uvc_g5ptz', 'UA-Intercom', 'UA-G3-Intercom', 'UA-Intercom-Viewer', 'UT-G3-Handset', 'ua-g2-flex', 'uvc_ai_turret', 'uvc_ai_dome', 'uvc_g6_bullet', 'uvc_g6_turret', 'uvc_g6_dome', 'uvc_g6_ins', 'UP-Alarmpad', 'ua-g3-flex', 'UCP', 'up-ai-horn-speaker-w', 'up-ai-horn-speaker-b', 'uvc_doorbell_b', 'uvc_doorbell_w', 'usl_siren_us', 'usl_siren_eu', 'uvc_g6_ptz_w', 'uvc_g6_ptz_b', 'uvc_g6_pro_bullet_w', 'uvc_g6_pro_turret_w', 'uvc_g6_pro_dome_w', 'uacc_visor', 'uvc_g6_bullet_b', 'uvc_g6_turret_b', 'uvc_g6_dome_b', 'uvc_g6_pro_bullet_b', 'uvc_g6_pro_turret_b', 'uvc_g6_pro_dome_b', 'usl_glassbreak_us', 'usl_glassbreak_eu', 'uvc_g6_180_b', 'uvc_g6_pro_360_w', 'uvc_g6_pro_360_b', 'up_siren', 'ua-retrofit-reader', 'uvc_g6_entry', 'uvc_g6_pro_entry', 'ua-g3-fingerprint')
[INFO |05:50:00] go with new soundcheck rule
[INFO |05:50:00] get_calibrator_dBFS = -12.135697603225708
[INFO |05:50:00] model = UTP-G3-Touch-Pro
[INFO |05:50:00] input_file.channels = 1
[INFO |05:50:00] np.concatenate(y) = [ 0.          0.          0.         ... -0.00250244 -0.00247192
 -0.00247192]
[INFO |05:50:00] orig_sr = 48000
[INFO |05:50:00] num_remove_sample = 1920, start to remove samples
[INFO |05:50:00] before remove_smaples, len(y) = 1245120
[INFO |05:50:00] after remove_smaples, len(y) = 1243200
[INFO |05:50:00] 
[INFO |05:50:00] --------------------------------------------------------------------------------
[INFO |05:50:00] --------------------------------------------------------------------------------
[INFO |05:50:00] Audio FTU version: 1.3.1
[INFO |05:50:00] mode: mic
[INFO |05:50:00] isSoundCheck: True
[INFO |05:50:00] SAvgPwr: -48.07 dBFS
[INFO |05:50:00] Golden_SAvgPwr: -50.00 dBFS
[INFO |05:50:00] [PASS] SAvgPwr_Diff: 1.93 dBFS(x < 7.00)
[INFO |05:50:00] [PASS] Locate tone: True
[INFO |05:50:00] [PASS] Silence Length:  4.89 second (x >  3.00)
[INFO |05:50:00] [PASS] ComNoiseExist: 0 (x = 0)
[INFO |05:50:00] [PASS] Component Noise: 2002~2002 Hz
[INFO |05:50:00] [PASS] Component Peak at 2002 Hz, -114.21 dBFS, Height: 00.08 dB
[INFO |05:50:00] [PASS] PopNoiseExist: False, Pop noise density: 0.023‰
[INFO |05:50:00] FREQ: 10000 Hz
[INFO |05:50:00] [PASS]    MAGNITUDE: -18.72 (-30.00 < x < -1.77)
[INFO |05:50:00] [INFO]        THD  : 0.45             
[INFO |05:50:00] [PASS]        THDPN: 0.49 (x < 5.00)
[INFO |05:50:00] FREQ: 9500 Hz
[INFO |05:50:00] [PASS]    MAGNITUDE: -19.47 (-30.00 < x < -1.77)
[INFO |05:50:00] [INFO]        THD  : 0.43             
[INFO |05:50:00] [PASS]        THDPN: 0.54 (x < 5.00)
[INFO |05:50:00] FREQ: 9000 Hz
[INFO |05:50:00] [PASS]    MAGNITUDE: -17.36 (-30.00 < x < -1.77)
[INFO |05:50:00] [INFO]        THD  : 0.52             
[INFO |05:50:00] [PASS]        THDPN: 0.53 (x < 5.00)
[INFO |05:50:00] FREQ: 8500 Hz
[INFO |05:50:00] [PASS]    MAGNITUDE: -13.72 (-30.00 < x < -1.77)
[INFO |05:50:00] [INFO]        THD  : 0.92             
[INFO |05:50:00] [PASS]        THDPN: 1.00 (x < 5.00)
[INFO |05:50:00] FREQ: 8000 Hz
[INFO |05:50:00] [PASS]    MAGNITUDE: -9.26 (-30.00 < x < -1.77)
[INFO |05:50:00] [INFO]        THD  : 1.33             
[INFO |05:50:00] [PASS]        THDPN: 1.33 (x < 5.00)
[INFO |05:50:00] FREQ: 7500 Hz
[INFO |05:50:00] [PASS]    MAGNITUDE: -10.42 (-30.00 < x < -1.77)
[INFO |05:50:00] [INFO]        THD  : 1.29             
[INFO |05:50:00] [PASS]        THDPN: 1.32 (x < 5.00)
[INFO |05:50:00] FREQ: 7100 Hz
[INFO |05:50:00] [PASS]    MAGNITUDE: -17.03 (-22.43 < x < -1.77)
[INFO |05:50:00] [INFO]        THD  : 0.61             
[INFO |05:50:00] [PASS]        THDPN: 0.72 (x < 5.00)
[INFO |05:50:00] FREQ: 6700 Hz
[INFO |05:50:00] [PASS]    MAGNITUDE: -16.60 (-22.43 < x < -1.77)
[INFO |05:50:00] [INFO]        THD  : 0.60             
[INFO |05:50:00] [PASS]        THDPN: 0.66 (x < 5.00)
[INFO |05:50:00] FREQ: 6300 Hz
[INFO |05:50:00] [PASS]    MAGNITUDE: -13.11 (-22.43 < x < -1.77)
[INFO |05:50:00] [INFO]        THD  : 0.86             
[INFO |05:50:00] [PASS]        THDPN: 0.87 (x < 5.00)
[INFO |05:50:00] FREQ: 6000 Hz
[INFO |05:50:00] [PASS]    MAGNITUDE: -8.40 (-22.43 < x < -1.77)
[INFO |05:50:00] [INFO]        THD  : 1.52             
[INFO |05:50:00] [PASS]        THDPN: 1.54 (x < 5.00)
[INFO |05:50:00] FREQ: 5600 Hz
[INFO |05:50:00] [PASS]    MAGNITUDE: -9.27 (-17.47 < x < -1.77)
[INFO |05:50:00] [INFO]        THD  : 1.31             
[INFO |05:50:00] [PASS]        THDPN: 1.32 (x < 5.00)
[INFO |05:50:00] FREQ: 5300 Hz
[INFO |05:50:00] [PASS]    MAGNITUDE: -8.08 (-17.47 < x < -1.77)
[INFO |05:50:00] [INFO]        THD  : 1.55             
[INFO |05:50:00] [PASS]        THDPN: 1.57 (x < 5.00)
[INFO |05:50:00] FREQ: 5000 Hz
[INFO |05:50:00] [PASS]    MAGNITUDE: -7.88 (-17.47 < x < -1.32)
[INFO |05:50:00] [INFO]        THD  : 1.66             
[INFO |05:50:00] [PASS]        THDPN: 1.70 (x < 5.00)
[INFO |05:50:00] FREQ: 4750 Hz
[INFO |05:50:00] [PASS]    MAGNITUDE: -8.84 (-17.47 < x < -3.42)
[INFO |05:50:00] [INFO]        THD  : 1.37             
[INFO |05:50:00] [PASS]        THDPN: 1.38 (x < 5.00)
[INFO |05:50:00] FREQ: 4500 Hz
[INFO |05:50:00] [PASS]    MAGNITUDE: -10.77 (-17.47 < x < -5.43)
[INFO |05:50:00] [INFO]        THD  : 1.08             
[INFO |05:50:00] [PASS]        THDPN: 1.08 (x < 5.00)
[INFO |05:50:00] FREQ: 4250 Hz
[INFO |05:50:00] [PASS]    MAGNITUDE: -14.97 (-20.44 < x < -9.22)
[INFO |05:50:00] [INFO]        THD  : 0.69             
[INFO |05:50:00] [PASS]        THDPN: 0.73 (x < 5.00)
[INFO |05:50:00] FREQ: 4000 Hz
[INFO |05:50:00] [PASS]    MAGNITUDE: -17.79 (-25.35 < x < -14.23)
[INFO |05:50:00] [INFO]        THD  : 0.57             
[INFO |05:50:00] [PASS]        THDPN: 0.64 (x < 5.00)
[INFO |05:50:00] FREQ: 3750 Hz
[INFO |05:50:00] [PASS]    MAGNITUDE: -21.72 (-28.07 < x < -17.01)
[INFO |05:50:00] [INFO]        THD  : 0.38             
[INFO |05:50:00] [PASS]        THDPN: 0.48 (x < 5.00)
[INFO |05:50:00] FREQ: 3550 Hz
[INFO |05:50:00] [PASS]    MAGNITUDE: -21.38 (-27.87 < x < -16.89)
[INFO |05:50:00] [INFO]        THD  : 0.34             
[INFO |05:50:00] [PASS]        THDPN: 0.41 (x < 5.00)
[INFO |05:50:00] FREQ: 3350 Hz
[INFO |05:50:00] [PASS]    MAGNITUDE: -22.93 (-28.90 < x < -17.91)
[INFO |05:50:00] [INFO]        THD  : 0.26             
[INFO |05:50:00] [PASS]        THDPN: 0.32 (x < 5.00)
[INFO |05:50:00] FREQ: 3150 Hz
[INFO |05:50:00] [PASS]    MAGNITUDE: -27.03 (-33.19 < x < -22.07)
[INFO |05:50:00] [INFO]        THD  : 0.21             
[INFO |05:50:00] [PASS]        THDPN: 0.37 (x < 5.00)
[INFO |05:50:00] FREQ: 3000 Hz
[INFO |05:50:00] [PASS]    MAGNITUDE: -26.41 (-33.13 < x < -22.21)
[INFO |05:50:00] [INFO]        THD  : 0.35             
[INFO |05:50:00] [PASS]        THDPN: 0.46 (x < 5.00)
[INFO |05:50:00] FREQ: 2800 Hz
[INFO |05:50:00] [PASS]    MAGNITUDE: -25.12 (-31.78 < x < -20.76)
[INFO |05:50:00] [INFO]        THD  : 0.77             
[INFO |05:50:00] [PASS]        THDPN: 0.78 (x < 5.00)
[INFO |05:50:00] FREQ: 2650 Hz
[INFO |05:50:00] [PASS]    MAGNITUDE: -24.97 (-30.57 < x < -19.89)
[INFO |05:50:00] [INFO]        THD  : 1.36             
[INFO |05:50:00] [PASS]        THDPN: 1.37 (x < 5.00)
[INFO |05:50:00] FREQ: 2500 Hz
[INFO |05:50:00] [PASS]    MAGNITUDE: -24.66 (-31.10 < x < -20.33)
[INFO |05:50:00] [INFO]        THD  : 0.53             
[INFO |05:50:00] [PASS]        THDPN: 0.58 (x < 5.00)
[INFO |05:50:00] FREQ: 2360 Hz
[INFO |05:50:00] [PASS]    MAGNITUDE: -26.82 (-33.09 < x < -22.24)
[INFO |05:50:00] [INFO]        THD  : 0.39             
[INFO |05:50:00] [PASS]        THDPN: 0.47 (x < 5.00)
[INFO |05:50:00] FREQ: 2240 Hz
[INFO |05:50:00] [PASS]    MAGNITUDE: -27.17 (-33.63 < x < -22.78)
[INFO |05:50:00] [INFO]        THD  : 0.48             
[INFO |05:50:00] [PASS]        THDPN: 0.50 (x < 5.00)
[INFO |05:50:00] FREQ: 2120 Hz
[INFO |05:50:00] [PASS]    MAGNITUDE: -26.11 (-32.16 < x < -21.48)
[INFO |05:50:00] [INFO]        THD  : 0.61             
[INFO |05:50:00] [PASS]        THDPN: 0.64 (x < 5.00)
[INFO |05:50:00] FREQ: 2000 Hz
[INFO |05:50:00] [PASS]    MAGNITUDE: -27.27 (-33.45 < x < -22.64)
[INFO |05:50:00] [INFO]        THD  : 0.67             
[INFO |05:50:00] [PASS]        THDPN: 0.72 (x < 5.00)
[INFO |05:50:00] [PASS]        RNB  : 0.00 (x < 1.00)
[INFO |05:50:00] [INFO]        RNBPN: 0.27             
[INFO |05:50:00] FREQ: 1900 Hz
[INFO |05:50:00] [PASS]    MAGNITUDE: -27.57 (-33.51 < x < -22.69)
[INFO |05:50:00] [INFO]        THD  : 0.44             
[INFO |05:50:00] [PASS]        THDPN: 0.61 (x < 5.00)
[INFO |05:50:00] [PASS]        RNB  : 0.00 (x < 1.00)
[INFO |05:50:00] [INFO]        RNBPN: 0.42             
[INFO |05:50:00] FREQ: 1800 Hz
[INFO |05:50:00] [PASS]    MAGNITUDE: -26.19 (-32.74 < x < -22.06)
[INFO |05:50:00] [INFO]        THD  : 0.41             
[INFO |05:50:00] [PASS]        THDPN: 0.48 (x < 5.00)
[INFO |05:50:00] [PASS]        RNB  : 0.00 (x < 1.00)
[INFO |05:50:00] [INFO]        RNBPN: 0.23             
[INFO |05:50:00] FREQ: 1700 Hz
[INFO |05:50:00] [PASS]    MAGNITUDE: -26.34 (-31.85 < x < -21.20)
[INFO |05:50:00] [INFO]        THD  : 0.46             
[INFO |05:50:00] [PASS]        THDPN: 0.51 (x < 5.00)
[INFO |05:50:00] [PASS]        RNB  : 0.00 (x < 1.00)
[INFO |05:50:00] [INFO]        RNBPN: 0.18             
[INFO |05:50:00] FREQ: 1600 Hz
[INFO |05:50:00] [PASS]    MAGNITUDE: -24.58 (-30.85 < x < -20.36)
[INFO |05:50:00] [INFO]        THD  : 0.51             
[INFO |05:50:00] [PASS]        THDPN: 0.60 (x < 5.00)
[INFO |05:50:00] [PASS]        RNB  : 0.00 (x < 1.00)
[INFO |05:50:00] [INFO]        RNBPN: 0.30             
[INFO |05:50:00] FREQ: 1500 Hz
[INFO |05:50:00] [PASS]    MAGNITUDE: -22.11 (-28.43 < x < -18.04)
[INFO |05:50:00] [INFO]        THD  : 0.42             
[INFO |05:50:00] [PASS]        THDPN: 0.52 (x < 5.00)
[INFO |05:50:00] [PASS]        RNB  : 0.00 (x < 1.00)
[INFO |05:50:00] [INFO]        RNBPN: 0.31             
[INFO |05:50:00] FREQ: 1400 Hz
[INFO |05:50:00] [PASS]    MAGNITUDE: -26.25 (-31.01 < x < -20.33)
[INFO |05:50:00] [INFO]        THD  : 0.29             
[INFO |05:50:00] [PASS]        THDPN: 0.33 (x < 5.00)
[INFO |05:50:00] [PASS]        RNB  : 0.01 (x < 1.00)
[INFO |05:50:00] [INFO]        RNBPN: 0.14             
[INFO |05:50:00] FREQ: 1320 Hz
[INFO |05:50:00] [PASS]    MAGNITUDE: -25.79 (-32.34 < x < -21.72)
[INFO |05:50:00] [INFO]        THD  : 0.32             
[INFO |05:50:00] [PASS]        THDPN: 0.45 (x < 5.00)
[INFO |05:50:00] [PASS]        RNB  : 0.01 (x < 1.00)
[INFO |05:50:00] [INFO]        RNBPN: 0.32             
[INFO |05:50:00] FREQ: 1250 Hz
[INFO |05:50:00] [PASS]    MAGNITUDE: -26.09 (-33.14 < x < -22.59)
[INFO |05:50:00] [INFO]        THD  : 0.25             
[INFO |05:50:00] [PASS]        THDPN: 0.32 (x < 5.00)
[INFO |05:50:00] [PASS]        RNB  : 0.01 (x < 1.00)
[INFO |05:50:00] [INFO]        RNBPN: 0.18             
[INFO |05:50:00] FREQ: 1180 Hz
[INFO |05:50:00] [PASS]    MAGNITUDE: -28.94 (-34.51 < x < -24.01)
[INFO |05:50:00] [INFO]        THD  : 0.22             
[INFO |05:50:00] [PASS]        THDPN: 0.41 (x < 5.00)
[INFO |05:50:00] [PASS]        RNB  : 0.01 (x < 1.00)
[INFO |05:50:00] [INFO]        RNBPN: 0.32             
[INFO |05:50:00] FREQ: 1120 Hz
[INFO |05:50:00] [PASS]    MAGNITUDE: -27.68 (-33.45 < x < -22.93)
[INFO |05:50:00] [INFO]        THD  : 0.22             
[INFO |05:50:00] [PASS]        THDPN: 0.30 (x < 5.00)
[INFO |05:50:00] [PASS]        RNB  : 0.01 (x < 1.00)
[INFO |05:50:00] [INFO]        RNBPN: 0.19             
[INFO |05:50:00] FREQ: 1060 Hz
[INFO |05:50:00] [PASS]    MAGNITUDE: -27.90 (-34.63 < x < -24.06)
[INFO |05:50:00] [INFO]        THD  : 0.22             
[INFO |05:50:00] [PASS]        THDPN: 0.47 (x < 5.00)
[INFO |05:50:00] [PASS]        RNB  : 0.01 (x < 1.00)
[INFO |05:50:00] [INFO]        RNBPN: 0.40             
[INFO |05:50:00] FREQ: 1000 Hz
[INFO |05:50:00] [PASS]    MAGNITUDE: -25.33 (-32.67 < x < -22.15)
[INFO |05:50:00] [INFO]        THD  : 0.27             
[INFO |05:50:00] [PASS]        THDPN: 0.34 (x < 5.00)
[INFO |05:50:00] [PASS]        RNB  : 0.01 (x < 1.00)
[INFO |05:50:00] [INFO]        RNBPN: 0.20             
[INFO |05:50:00] FREQ: 950 Hz
[INFO |05:50:00] [PASS]    MAGNITUDE: -26.39 (-32.32 < x < -21.85)
[INFO |05:50:00] [INFO]        THD  : 0.26             
[INFO |05:50:00] [PASS]        THDPN: 0.39 (x < 5.00)
[INFO |05:50:00] [PASS]        RNB  : 0.01 (x < 1.00)
[INFO |05:50:00] [INFO]        RNBPN: 0.29             
[INFO |05:50:00] FREQ: 900 Hz
[INFO |05:50:00] [PASS]    MAGNITUDE: -29.18 (-33.50 < x < -23.07)
[INFO |05:50:00] [INFO]        THD  : 0.22             
[INFO |05:50:00] [PASS]        THDPN: 0.42 (x < 5.00)
[INFO |05:50:00] [PASS]        RNB  : 0.01 (x < 1.00)
[INFO |05:50:00] [INFO]        RNBPN: 0.33             
[INFO |05:50:00] FREQ: 850 Hz
[INFO |05:50:00] [PASS]    MAGNITUDE: -24.78 (-32.29 < x < -21.80)
[INFO |05:50:00] [INFO]        THD  : 0.26             
[INFO |05:50:00] [PASS]        THDPN: 0.30 (x < 5.00)
[INFO |05:50:00] [PASS]        RNB  : 0.01 (x < 1.00)
[INFO |05:50:00] [INFO]        RNBPN: 0.12             
[INFO |05:50:00] FREQ: 800 Hz
[INFO |05:50:00] [PASS]    MAGNITUDE: -25.49 (-33.07 < x < -22.52)
[INFO |05:50:00] [INFO]        THD  : 0.28             
[INFO |05:50:00] [PASS]        THDPN: 0.41 (x < 5.00)
[INFO |05:50:00] [PASS]        RNB  : 0.02 (x < 1.00)
[INFO |05:50:00] [INFO]        RNBPN: 0.31             
[INFO |05:50:00] FREQ: 750 Hz
[INFO |05:50:00] [PASS]    MAGNITUDE: -25.08 (-31.76 < x < -21.39)
[INFO |05:50:00] [INFO]        THD  : 0.28             
[INFO |05:50:00] [PASS]        THDPN: 0.40 (x < 5.00)
[INFO |05:50:00] [PASS]        RNB  : 0.01 (x < 1.00)
[INFO |05:50:00] [INFO]        RNBPN: 0.29             
[INFO |05:50:00] FREQ: 710 Hz
[INFO |05:50:00] [PASS]    MAGNITUDE: -25.76 (-31.33 < x < -20.94)
[INFO |05:50:00] [INFO]        THD  : 0.24             
[INFO |05:50:00] [PASS]        THDPN: 0.28 (x < 5.00)
[INFO |05:50:00] [PASS]        RNB  : 0.02 (x < 1.00)
[INFO |05:50:00] [INFO]        RNBPN: 0.14             
[INFO |05:50:00] FREQ: 670 Hz
[INFO |05:50:00] [PASS]    MAGNITUDE: -26.77 (-32.75 < x < -22.27)
[INFO |05:50:00] [INFO]        THD  : 0.25             
[INFO |05:50:00] [PASS]        THDPN: 0.37 (x < 5.00)
[INFO |05:50:00] [PASS]        RNB  : 0.02 (x < 1.00)
[INFO |05:50:00] [INFO]        RNBPN: 0.26             
[INFO |05:50:00] FREQ: 630 Hz
[INFO |05:50:00] [PASS]    MAGNITUDE: -26.93 (-32.98 < x < -22.54)
[INFO |05:50:00] [INFO]        THD  : 0.25             
[INFO |05:50:00] [PASS]        THDPN: 0.40 (x < 5.00)
[INFO |05:50:00] [PASS]        RNB  : 0.01 (x < 1.00)
[INFO |05:50:00] [INFO]        RNBPN: 0.31             
[INFO |05:50:00] FREQ: 600 Hz
[INFO |05:50:00] [PASS]    MAGNITUDE: -26.17 (-32.36 < x < -21.89)
[INFO |05:50:00] [INFO]        THD  : 0.25             
[INFO |05:50:00] [PASS]        THDPN: 0.36 (x < 5.00)
[INFO |05:50:00] [PASS]        RNB  : 0.01 (x < 1.00)
[INFO |05:50:00] [INFO]        RNBPN: 0.26             
[INFO |05:50:00] FREQ: 560 Hz
[INFO |05:50:00] [PASS]    MAGNITUDE: -24.86 (-31.40 < x < -20.98)
[INFO |05:50:00] [INFO]        THD  : 0.28             
[INFO |05:50:00] [PASS]        THDPN: 0.32 (x < 5.00)
[INFO |05:50:00] [PASS]        RNB  : 0.02 (x < 1.00)
[INFO |05:50:00] [INFO]        RNBPN: 0.15             
[INFO |05:50:00] FREQ: 530 Hz
[INFO |05:50:00] [PASS]    MAGNITUDE: -25.28 (-31.37 < x < -20.97)
[INFO |05:50:00] [INFO]        THD  : 0.27             
[INFO |05:50:00] [PASS]        THDPN: 0.40 (x < 5.00)
[INFO |05:50:00] [PASS]        RNB  : 0.03 (x < 1.00)
[INFO |05:50:00] [INFO]        RNBPN: 0.29             
[INFO |05:50:00] FREQ: 500 Hz
[INFO |05:50:00] [PASS]    MAGNITUDE: -25.87 (-32.27 < x < -21.86)
[INFO |05:50:00] [INFO]        THD  : 0.29             
[INFO |05:50:00] [PASS]        THDPN: 0.51 (x < 5.00)
[INFO |05:50:00] [PASS]        RNB  : 0.03 (x < 1.00)
[INFO |05:50:00] [INFO]        RNBPN: 0.42             
[INFO |05:50:00] FREQ: 475 Hz
[INFO |05:50:00] [PASS]    MAGNITUDE: -25.07 (-31.36 < x < -20.94)
[INFO |05:50:00] [INFO]        THD  : 0.21             
[INFO |05:50:00] [PASS]        THDPN: 0.29 (x < 5.00)
[INFO |05:50:00] [PASS]        RNB  : 0.05 (x < 1.00)
[INFO |05:50:00] [INFO]        RNBPN: 0.19             
[INFO |05:50:00] FREQ: 450 Hz
[INFO |05:50:00] [PASS]    MAGNITUDE: -25.20 (-31.35 < x < -20.93)
[INFO |05:50:00] [INFO]        THD  : 0.27             
[INFO |05:50:00] [PASS]        THDPN: 0.45 (x < 5.00)
[INFO |05:50:00] [PASS]        RNB  : 0.06 (x < 1.00)
[INFO |05:50:00] [INFO]        RNBPN: 0.36             
[INFO |05:50:00] FREQ: 425 Hz
[INFO |05:50:00] [PASS]    MAGNITUDE: -25.95 (-32.05 < x < -21.62)
[INFO |05:50:00] [INFO]        THD  : 0.29             
[INFO |05:50:00] [PASS]        THDPN: 0.50 (x < 5.00)
[INFO |05:50:00] [PASS]        RNB  : 0.02 (x < 1.00)
[INFO |05:50:00] [INFO]        RNBPN: 0.41             
[INFO |05:50:00] FREQ: 400 Hz
[INFO |05:50:00] [PASS]    MAGNITUDE: -24.72 (-30.77 < x < -20.34)
[INFO |05:50:00] [INFO]        THD  : 0.33             
[INFO |05:50:00] [PASS]        THDPN: 0.39 (x < 5.00)
[INFO |05:50:00] [PASS]        RNB  : 0.04 (x < 1.00)
[INFO |05:50:00] [INFO]        RNBPN: 0.20             
[INFO |05:50:00] FREQ: 375 Hz
[INFO |05:50:00] [PASS]    MAGNITUDE: -24.48 (-30.78 < x < -20.34)
[INFO |05:50:00] [INFO]        THD  : 0.37             
[INFO |05:50:00] [PASS]        THDPN: 0.42 (x < 5.00)
[INFO |05:50:00] [PASS]        RNB  : 0.04 (x < 1.00)
[INFO |05:50:00] [INFO]        RNBPN: 0.20             
[INFO |05:50:00] FREQ: 355 Hz
[INFO |05:50:00] [PASS]    MAGNITUDE: -24.35 (-30.53 < x < -20.11)
[INFO |05:50:00] [INFO]        THD  : 0.40             
[INFO |05:50:00] [PASS]        THDPN: 0.42 (x < 5.00)
[INFO |05:50:00] [PASS]        RNB  : 0.03 (x < 1.00)
[INFO |05:50:00] [INFO]        RNBPN: 0.13             
[INFO |05:50:00] FREQ: 335 Hz
[INFO |05:50:00] [PASS]    MAGNITUDE: -24.46 (-30.64 < x < -20.20)
[INFO |05:50:00] [INFO]        THD  : 0.48             
[INFO |05:50:00] [PASS]        THDPN: 0.52 (x < 5.00)
[INFO |05:50:00] [PASS]        RNB  : 0.03 (x < 1.00)
[INFO |05:50:00] [INFO]        RNBPN: 0.18             
[INFO |05:50:00] FREQ: 315 Hz
[INFO |05:50:00] [PASS]    MAGNITUDE: -24.76 (-31.06 < x < -20.63)
[INFO |05:50:00] [INFO]        THD  : 0.53             
[INFO |05:50:00] [PASS]        THDPN: 0.60 (x < 5.00)
[INFO |05:50:00] [PASS]        RNB  : 0.03 (x < 1.00)
[INFO |05:50:00] [INFO]        RNBPN: 0.27             
[INFO |05:50:00] FREQ: 300 Hz
[INFO |05:50:00] [PASS]    MAGNITUDE: -24.44 (-31.00 < x < -20.55)
[INFO |05:50:00] [INFO]        THD  : 0.49             
[INFO |05:50:00] [PASS]        THDPN: 0.54 (x < 5.00)
[INFO |05:50:00] [PASS]        RNB  : 0.04 (x < 1.00)
[INFO |05:50:00] [INFO]        RNBPN: 0.24             
[INFO |05:50:00] FREQ: 280 Hz
[INFO |05:50:00] [PASS]    MAGNITUDE: -24.01 (-30.87 < x < -20.42)
[INFO |05:50:00] [INFO]        THD  : 0.49             
[INFO |05:50:00] [PASS]        THDPN: 0.51 (x < 5.00)
[INFO |05:50:00] [PASS]        RNB  : 0.01 (x < 1.00)
[INFO |05:50:00] [INFO]        RNBPN: 0.11             
[INFO |05:50:00] FREQ: 265 Hz
[INFO |05:50:00] [PASS]    MAGNITUDE: -24.90 (-31.71 < x < -21.24)
[INFO |05:50:00] [INFO]        THD  : 0.38             
[INFO |05:50:00] [PASS]        THDPN: 0.49 (x < 5.00)
[INFO |05:50:00] [PASS]        RNB  : 0.02 (x < 1.00)
[INFO |05:50:00] [INFO]        RNBPN: 0.30             
[INFO |05:50:00] FREQ: 250 Hz
[INFO |05:50:00] [PASS]    MAGNITUDE: -24.39 (-31.17 < x < -20.71)
[INFO |05:50:00] [INFO]        THD  : 0.37             
[INFO |05:50:00] [PASS]        THDPN: 0.45 (x < 5.00)
[INFO |05:50:00] [PASS]        RNB  : 0.02 (x < 1.00)
[INFO |05:50:00] [INFO]        RNBPN: 0.24             
[INFO |05:50:00] FREQ: 236 Hz
[INFO |05:50:00] [PASS]    MAGNITUDE: -24.19 (-30.95 < x < -20.48)
[INFO |05:50:00] [INFO]        THD  : 0.29             
[INFO |05:50:00] [PASS]        THDPN: 0.34 (x < 5.00)
[INFO |05:50:00] [PASS]        RNB  : 0.01 (x < 1.00)
[INFO |05:50:00] [INFO]        RNBPN: 0.14             
[INFO |05:50:00] FREQ: 224 Hz
[INFO |05:50:00] [PASS]    MAGNITUDE: -24.54 (-31.19 < x < -20.71)
[INFO |05:50:00] [INFO]        THD  : 0.25             
[INFO |05:50:00] [PASS]        THDPN: 0.34 (x < 5.00)
[INFO |05:50:00] [PASS]        RNB  : 0.01 (x < 1.00)
[INFO |05:50:00] [INFO]        RNBPN: 0.20             
[INFO |05:50:00] FREQ: 212 Hz
[INFO |05:50:00] [PASS]    MAGNITUDE: -25.27 (-31.54 < x < -21.05)
[INFO |05:50:00] [INFO]        THD  : 0.28             
[INFO |05:50:00] [PASS]        THDPN: 0.40 (x < 5.00)
[INFO |05:50:00] [PASS]        RNB  : 0.01 (x < 1.00)
[INFO |05:50:00] [INFO]        RNBPN: 0.27             
[INFO |05:50:00] FREQ: 200 Hz
[INFO |05:50:00] [PASS]    MAGNITUDE: -26.25 (-32.05 < x < -21.55)
[INFO |05:50:00] [INFO]        THD  : 0.29             
[INFO |05:50:00] [PASS]        THDPN: 0.46 (x < 5.00)
[INFO |05:50:00] [PASS]        RNB  : 0.01 (x < 1.00)
[INFO |05:50:00] [INFO]        RNBPN: 0.33             
[INFO |05:50:00] ---END--------------------------------------------------------------------------
[INFO |05:50:00] 
[INFO |05:50:00] ==============================
[INFO |05:50:00] Test Result: PASS
[INFO |05:50:00] ==============================
[INFO |05:50:00] 
[INFO |05:50:00] 
[INFO |05:50:00] [pass] -audio_mic_3_test-
[INFO |05:50:00] Time Elapsed: 28.262 sec [513, [SL-AUD-ETH] HS Mic_3 test]
[INFO |05:50:00] 
[INFO |05:50:00]   ID  Test Name                       Count  Pass/Fail
[INFO |05:50:00] --------------------------------------------------------------------------------
[INFO |05:50:00]  513  [SL-AUD-ETH] HS Mic_3 test        1       1/0   [OK, 0]
[INFO |05:50:00] Run [SL-AUD-ETH] HF Mic seal Test...
[INFO |05:50:00] 
[INFO |05:50:00] [audio_mic_seal] test config...
[INFO |05:50:00] record_sec           = 25
[INFO |05:50:00] delay_start_record_sec = 0
[INFO |05:50:00] volume_mic           = 80
[INFO |05:50:00] src_file             = stweep_1_12_OTC_0p2sec_HF_mouth.wav
[INFO |05:50:00] dut_record_wav_path  = /sdcard/dmic1.wav
[INFO |05:50:00] criterion_ini        = {'mic_1': 'G3TouchPro_HF_micSeal_1_VN_20240504.ini', 'mic_2': 'G3TouchPro_HF_micSeal_2_VN_20240504.ini'}
[INFO |05:50:00] output_devices       = {'mic_1': '(4- PMA', 'mic_2': '(4- PMA'}
[INFO |05:50:00] 
[DEBUG|05:50:00] [Class: MicSealTest]
[INFO |05:50:00] output_devices = {'mic_1': '(4- PMA', 'mic_2': '(4- PMA'}
[INFO |05:50:00] output_devices type  = <class 'dict'>
[INFO |05:50:00] 
[INFO |05:50:00] Running: ['-s', '192.168.1.20', 'shell', 'su', 'root', 'rm /sdcard/dmic1.wav']
D:\FTU\FTU_efbb_1.0.24_3.18.16_UTP-G3-Touch-Pro\tools\android_tool\adb.exe -s 192.168.1.20 shell su root rm /sdcard/dmic1.wav
[INFO |05:50:00] rsp = 
[INFO |05:50:00] path of wav file, D:\FTU\FTU_efbb_1.0.24_3.18.16_UTP-G3-Touch-Pro\tools\audio\stweep_1_12_OTC_0p2sec_HF_mouth.wav
[INFO |05:50:00] 
[INFO |05:50:00] "_get_output_device_idx"
[INFO |05:50:00] Input Device id 0 - Microsoft Sound Mapper - Input
[INFO |05:50:00] Input Device id 1 - line (2- Roland Rubix 22)
[INFO |05:50:00] Input Device id 2 - line (Roland Rubix 22)
[INFO |05:50:00] Output Device id 3 - Microsoft Sound Mapper - Output
[INFO |05:50:00] Output Device id 4 - Digital Audio Interface (4- PMA
[INFO |05:50:00] Output Device id 5 - Digital Audio Interface (5- PMA
[INFO |05:50:00] 
[INFO |05:50:00] ["output_device"] "(4- PMA" found, index = 4
[INFO |05:50:00] 
[INFO |05:50:00] Set default output device: (4- PMA
[INFO |05:50:00] Unmuted device: (4- PMA
[INFO |05:50:00] Set device (4- PMA volume to 100%
[INFO |05:50:00] playback start
[INFO |05:50:00] DUT start to record
[INFO |05:50:00] 
[INFO |05:50:00] Running: ['-s', '192.168.1.20', 'shell', 'su', 'root', 'mm-audio-ftm -c /vendor/etc/ftm_test_config_wcd9335 -tc 16 -d 25 -v 80 -file /sdcard/dmic1.wav']
D:\FTU\FTU_efbb_1.0.24_3.18.16_UTP-G3-Touch-Pro\tools\android_tool\adb.exe -s 192.168.1.20 shell su root mm-audio-ftm -c /vendor/etc/ftm_test_config_wcd9335 -tc 16 -d 25 -v 80 -file /sdcard/dmic1.wav
[INFO |05:50:21] playback stop
[INFO |05:50:28] rsp = size of ftm_tc_devices_tabla = 45

size of ftm_tc_devices_sitar = 28

size of ftm_tc_devices_taiko = 43

SoundCardInfo  0 [msm8953tashalit]: msm8953-tashali - msm8953-tashalite-snd-card



soundCardName msm8953-tashalite-snd-card

Use the codec ftm_test_config file



 Conf file name /vendor/etc/ftm_test_config_wcd9335

 Test case number 16

 duration set to 25

 Volume level set to 80

 File name is /sdcard/dmic1.wav

 Call parse function to enable

Found tc 16 1 seq enable

 #DMIC1

 Sequence for enable found

 Set SLIM_0_TX Channels One

 Set AIF1_CAP Mixer SLIM TX7 1

 Set MultiMedia1 Mixer SLIM_0_TX 1

 Set SLIM TX7 MUX DEC7

 Set ADC MUX7 DMIC

 Set DMIC MUX7 DMIC0

 Set DEC7 Volume 99

 Set Path to device: 2

ftm_audio_set_path: 8875



 audio_ftm_hw_iocontrol: capturedevice -1 playback 0record_file: period size 960 buf size 1920

done

FTM: audio_ftm_hw_iocontrol:1023 - 

 PCM Close not calledaud_ftm_common_stop: 9019



 Call parse function to disable

Found tc 16 1 seq disable

 #DMIC1

 Sequence for disable found

 Set DEC7 Volume 0

 Set MultiMedia1 Mixer SLIM_0_TX 0

 Set SLIM_0_TX Channels One

 Set AIF1_CAP Mixer SLIM TX7 0

 Set SLIM TX7 MUX ZERO

 Set DMIC MUX7 ZEROtest 16 success


[INFO |05:50:28] DUT stop to record
[INFO |05:50:28] get recorded wav file from DUT(/sdcard/dmic1.wav) to host(D:\FTU\FTU_efbb_1.0.24_3.18.16_UTP-G3-Touch-Pro\logs\audio\9041B25CA6A2_20260405T054733+08_UniFiTalk_audio_mic_1_before_seal.wav)
[INFO |05:50:28] 
[INFO |05:50:28] Running: ['-s', '192.168.1.20', 'pull', '/sdcard/dmic1.wav', 'D:\\FTU\\FTU_efbb_1.0.24_3.18.16_UTP-G3-Touch-Pro\\logs\\audio\\9041B25CA6A2_20260405T054733+08_UniFiTalk_audio_mic_1_before_seal.wav']
D:\FTU\FTU_efbb_1.0.24_3.18.16_UTP-G3-Touch-Pro\tools\android_tool\adb.exe -s 192.168.1.20 pull /sdcard/dmic1.wav D:\FTU\FTU_efbb_1.0.24_3.18.16_UTP-G3-Touch-Pro\logs\audio\9041B25CA6A2_20260405T054733+08_UniFiTalk_audio_mic_1_before_seal.wav
[INFO |05:50:28] rsp = /sdcard/dmic1.wav: 1 file pulled, 0 skipped. 48.1 MB/s (2490284 bytes in 0.049s)


[INFO |05:50:28] 
[INFO |05:50:28] Running: ['-s', '192.168.1.20', 'shell', 'su', 'root', 'rm /sdcard/dmic1.wav']
D:\FTU\FTU_efbb_1.0.24_3.18.16_UTP-G3-Touch-Pro\tools\android_tool\adb.exe -s 192.168.1.20 shell su root rm /sdcard/dmic1.wav
[INFO |05:50:28] rsp = 
[INFO |05:50:28] path of wav file, D:\FTU\FTU_efbb_1.0.24_3.18.16_UTP-G3-Touch-Pro\tools\audio\stweep_1_12_OTC_0p2sec_HF_mouth.wav
[INFO |05:50:28] 
[INFO |05:50:28] "_get_output_device_idx"
[INFO |05:50:28] Input Device id 0 - Microsoft Sound Mapper - Input
[INFO |05:50:28] Input Device id 1 - line (2- Roland Rubix 22)
[INFO |05:50:28] Input Device id 2 - line (Roland Rubix 22)
[INFO |05:50:28] Output Device id 3 - Microsoft Sound Mapper - Output
[INFO |05:50:28] Output Device id 4 - Digital Audio Interface (4- PMA
[INFO |05:50:28] Output Device id 5 - Digital Audio Interface (5- PMA
[INFO |05:50:28] 
[INFO |05:50:28] ["output_device"] "(4- PMA" found, index = 4
[INFO |05:50:28] 
[INFO |05:50:28] Set default output device: (4- PMA
[INFO |05:50:28] Unmuted device: (4- PMA
[INFO |05:50:28] Set device (4- PMA volume to 100%
[INFO |05:50:28] playback start
[INFO |05:50:28] DUT start to record
[INFO |05:50:28] 
[INFO |05:50:28] Running: ['-s', '192.168.1.20', 'shell', 'su', 'root', 'mm-audio-ftm -c /vendor/etc/ftm_test_config_wcd9335 -tc 17 -d 25 -v 80 -file /sdcard/dmic1.wav']
D:\FTU\FTU_efbb_1.0.24_3.18.16_UTP-G3-Touch-Pro\tools\android_tool\adb.exe -s 192.168.1.20 shell su root mm-audio-ftm -c /vendor/etc/ftm_test_config_wcd9335 -tc 17 -d 25 -v 80 -file /sdcard/dmic1.wav
[INFO |05:50:49] playback stop
[INFO |05:50:56] rsp = size of ftm_tc_devices_tabla = 45

size of ftm_tc_devices_sitar = 28

size of ftm_tc_devices_taiko = 43

SoundCardInfo  0 [msm8953tashalit]: msm8953-tashali - msm8953-tashalite-snd-card



soundCardName msm8953-tashalite-snd-card

Use the codec ftm_test_config file



 Conf file name /vendor/etc/ftm_test_config_wcd9335

 Test case number 17

 duration set to 25

 Volume level set to 80

 File name is /sdcard/dmic1.wav

 Call parse function to enable

Found tc 17 1 seq enable

 #DMIC2

 Sequence for enable found

 Set SLIM_0_TX Channels One

 Set AIF1_CAP Mixer SLIM TX7 1

 Set MultiMedia1 Mixer SLIM_0_TX 1

 Set SLIM TX7 MUX DEC7

 Set ADC MUX7 DMIC

 Set DMIC MUX7 DMIC1

 Set DEC7 Volume 99

 Set Path to device: 2

ftm_audio_set_path: 8875



 audio_ftm_hw_iocontrol: capturedevice -1 playback 0record_file: period size 960 buf size 1920

done

FTM: audio_ftm_hw_iocontrol:1023 - 

 PCM Close not calledaud_ftm_common_stop: 9019



 Call parse function to disable

Found tc 17 1 seq disable

 #DMIC2

 Sequence for disable found

 Set DEC7 Volume 0

 Set MultiMedia1 Mixer SLIM_0_TX 0

 Set SLIM_0_TX Channels One

 Set AIF1_CAP Mixer SLIM TX7 0

 Set SLIM TX7 MUX ZERO

 Set DMIC MUX7 ZEROtest 17 success


[INFO |05:50:56] DUT stop to record
[INFO |05:50:56] get recorded wav file from DUT(/sdcard/dmic1.wav) to host(D:\FTU\FTU_efbb_1.0.24_3.18.16_UTP-G3-Touch-Pro\logs\audio\9041B25CA6A2_20260405T054733+08_UniFiTalk_audio_mic_2_before_seal.wav)
[INFO |05:50:56] 
[INFO |05:50:56] Running: ['-s', '192.168.1.20', 'pull', '/sdcard/dmic1.wav', 'D:\\FTU\\FTU_efbb_1.0.24_3.18.16_UTP-G3-Touch-Pro\\logs\\audio\\9041B25CA6A2_20260405T054733+08_UniFiTalk_audio_mic_2_before_seal.wav']
D:\FTU\FTU_efbb_1.0.24_3.18.16_UTP-G3-Touch-Pro\tools\android_tool\adb.exe -s 192.168.1.20 pull /sdcard/dmic1.wav D:\FTU\FTU_efbb_1.0.24_3.18.16_UTP-G3-Touch-Pro\logs\audio\9041B25CA6A2_20260405T054733+08_UniFiTalk_audio_mic_2_before_seal.wav
[INFO |05:50:56] rsp = /sdcard/dmic1.wav: 1 file pulled, 0 skipped. 46.2 MB/s (2490284 bytes in 0.051s)


[INFO |05:50:56] Please seal ['mic_1', 'mic_2']
[INFO |05:51:21] Yes
[INFO |05:51:21] 
[INFO |05:51:21] Running: ['-s', '192.168.1.20', 'shell', 'su', 'root', 'rm /sdcard/dmic1.wav']
D:\FTU\FTU_efbb_1.0.24_3.18.16_UTP-G3-Touch-Pro\tools\android_tool\adb.exe -s 192.168.1.20 shell su root rm /sdcard/dmic1.wav
[INFO |05:51:21] rsp = 
[INFO |05:51:21] path of wav file, D:\FTU\FTU_efbb_1.0.24_3.18.16_UTP-G3-Touch-Pro\tools\audio\stweep_1_12_OTC_0p2sec_HF_mouth.wav
[INFO |05:51:21] 
[INFO |05:51:21] "_get_output_device_idx"
[INFO |05:51:21] Input Device id 0 - Microsoft Sound Mapper - Input
[INFO |05:51:21] Input Device id 1 - line (2- Roland Rubix 22)
[INFO |05:51:21] Input Device id 2 - line (Roland Rubix 22)
[INFO |05:51:21] Output Device id 3 - Microsoft Sound Mapper - Output
[INFO |05:51:21] Output Device id 4 - Digital Audio Interface (4- PMA
[INFO |05:51:21] Output Device id 5 - Digital Audio Interface (5- PMA
[INFO |05:51:21] 
[INFO |05:51:21] ["output_device"] "(4- PMA" found, index = 4
[INFO |05:51:21] 
[INFO |05:51:21] Set default output device: (4- PMA
[INFO |05:51:21] Unmuted device: (4- PMA
[INFO |05:51:21] Set device (4- PMA volume to 100%
[INFO |05:51:21] playback start
[INFO |05:51:21] DUT start to record
[INFO |05:51:21] 
[INFO |05:51:21] Running: ['-s', '192.168.1.20', 'shell', 'su', 'root', 'mm-audio-ftm -c /vendor/etc/ftm_test_config_wcd9335 -tc 16 -d 25 -v 80 -file /sdcard/dmic1.wav']
D:\FTU\FTU_efbb_1.0.24_3.18.16_UTP-G3-Touch-Pro\tools\android_tool\adb.exe -s 192.168.1.20 shell su root mm-audio-ftm -c /vendor/etc/ftm_test_config_wcd9335 -tc 16 -d 25 -v 80 -file /sdcard/dmic1.wav
[INFO |05:51:42] playback stop
[INFO |05:51:48] rsp = size of ftm_tc_devices_tabla = 45

size of ftm_tc_devices_sitar = 28

size of ftm_tc_devices_taiko = 43

SoundCardInfo  0 [msm8953tashalit]: msm8953-tashali - msm8953-tashalite-snd-card



soundCardName msm8953-tashalite-snd-card

Use the codec ftm_test_config file



 Conf file name /vendor/etc/ftm_test_config_wcd9335

 Test case number 16

 duration set to 25

 Volume level set to 80

 File name is /sdcard/dmic1.wav

 Call parse function to enable

Found tc 16 1 seq enable

 #DMIC1

 Sequence for enable found

 Set SLIM_0_TX Channels One

 Set AIF1_CAP Mixer SLIM TX7 1

 Set MultiMedia1 Mixer SLIM_0_TX 1

 Set SLIM TX7 MUX DEC7

 Set ADC MUX7 DMIC

 Set DMIC MUX7 DMIC0

 Set DEC7 Volume 99

 Set Path to device: 2

ftm_audio_set_path: 8875



 audio_ftm_hw_iocontrol: capturedevice -1 playback 0record_file: period size 960 buf size 1920

done

FTM: audio_ftm_hw_iocontrol:1023 - 

 PCM Close not calledaud_ftm_common_stop: 9019



 Call parse function to disable

Found tc 16 1 seq disable

 #DMIC1

 Sequence for disable found

 Set DEC7 Volume 0

 Set MultiMedia1 Mixer SLIM_0_TX 0

 Set SLIM_0_TX Channels One

 Set AIF1_CAP Mixer SLIM TX7 0

 Set SLIM TX7 MUX ZERO

 Set DMIC MUX7 ZEROtest 16 success


[INFO |05:51:48] DUT stop to record
[INFO |05:51:48] get recorded wav file from DUT(/sdcard/dmic1.wav) to host(D:\FTU\FTU_efbb_1.0.24_3.18.16_UTP-G3-Touch-Pro\logs\audio\9041B25CA6A2_20260405T054733+08_UniFiTalk_audio_mic_1_after_seal.wav)
[INFO |05:51:48] 
[INFO |05:51:48] Running: ['-s', '192.168.1.20', 'pull', '/sdcard/dmic1.wav', 'D:\\FTU\\FTU_efbb_1.0.24_3.18.16_UTP-G3-Touch-Pro\\logs\\audio\\9041B25CA6A2_20260405T054733+08_UniFiTalk_audio_mic_1_after_seal.wav']
D:\FTU\FTU_efbb_1.0.24_3.18.16_UTP-G3-Touch-Pro\tools\android_tool\adb.exe -s 192.168.1.20 pull /sdcard/dmic1.wav D:\FTU\FTU_efbb_1.0.24_3.18.16_UTP-G3-Touch-Pro\logs\audio\9041B25CA6A2_20260405T054733+08_UniFiTalk_audio_mic_1_after_seal.wav
[INFO |05:51:48] rsp = /sdcard/dmic1.wav: 1 file pulled, 0 skipped. 45.1 MB/s (2490284 bytes in 0.053s)


[INFO |05:51:49] 
[INFO |05:51:49] Running: ['-s', '192.168.1.20', 'shell', 'su', 'root', 'rm /sdcard/dmic1.wav']
D:\FTU\FTU_efbb_1.0.24_3.18.16_UTP-G3-Touch-Pro\tools\android_tool\adb.exe -s 192.168.1.20 shell su root rm /sdcard/dmic1.wav
[INFO |05:51:49] rsp = 
[INFO |05:51:49] path of wav file, D:\FTU\FTU_efbb_1.0.24_3.18.16_UTP-G3-Touch-Pro\tools\audio\stweep_1_12_OTC_0p2sec_HF_mouth.wav
[INFO |05:51:49] 
[INFO |05:51:49] "_get_output_device_idx"
[INFO |05:51:49] Input Device id 0 - Microsoft Sound Mapper - Input
[INFO |05:51:49] Input Device id 1 - line (2- Roland Rubix 22)
[INFO |05:51:49] Input Device id 2 - line (Roland Rubix 22)
[INFO |05:51:49] Output Device id 3 - Microsoft Sound Mapper - Output
[INFO |05:51:49] Output Device id 4 - Digital Audio Interface (4- PMA
[INFO |05:51:49] Output Device id 5 - Digital Audio Interface (5- PMA
[INFO |05:51:49] 
[INFO |05:51:49] ["output_device"] "(4- PMA" found, index = 4
[INFO |05:51:49] 
[INFO |05:51:49] Set default output device: (4- PMA
[INFO |05:51:49] Unmuted device: (4- PMA
[INFO |05:51:49] Set device (4- PMA volume to 100%
[INFO |05:51:49] playback start
[INFO |05:51:49] DUT start to record
[INFO |05:51:49] 
[INFO |05:51:49] Running: ['-s', '192.168.1.20', 'shell', 'su', 'root', 'mm-audio-ftm -c /vendor/etc/ftm_test_config_wcd9335 -tc 17 -d 25 -v 80 -file /sdcard/dmic1.wav']
D:\FTU\FTU_efbb_1.0.24_3.18.16_UTP-G3-Touch-Pro\tools\android_tool\adb.exe -s 192.168.1.20 shell su root mm-audio-ftm -c /vendor/etc/ftm_test_config_wcd9335 -tc 17 -d 25 -v 80 -file /sdcard/dmic1.wav
[INFO |05:52:10] playback stop
[INFO |05:52:16] rsp = size of ftm_tc_devices_tabla = 45

size of ftm_tc_devices_sitar = 28

size of ftm_tc_devices_taiko = 43

SoundCardInfo  0 [msm8953tashalit]: msm8953-tashali - msm8953-tashalite-snd-card



soundCardName msm8953-tashalite-snd-card

Use the codec ftm_test_config file



 Conf file name /vendor/etc/ftm_test_config_wcd9335

 Test case number 17

 duration set to 25

 Volume level set to 80

 File name is /sdcard/dmic1.wav

 Call parse function to enable

Found tc 17 1 seq enable

 #DMIC2

 Sequence for enable found

 Set SLIM_0_TX Channels One

 Set AIF1_CAP Mixer SLIM TX7 1

 Set MultiMedia1 Mixer SLIM_0_TX 1

 Set SLIM TX7 MUX DEC7

 Set ADC MUX7 DMIC

 Set DMIC MUX7 DMIC1

 Set DEC7 Volume 99

 Set Path to device: 2

ftm_audio_set_path: 8875



 audio_ftm_hw_iocontrol: capturedevice -1 playback 0record_file: period size 960 buf size 1920

done

FTM: audio_ftm_hw_iocontrol:1023 - 

 PCM Close not calledaud_ftm_common_stop: 9019



 Call parse function to disable

Found tc 17 1 seq disable

 #DMIC2

 Sequence for disable found

 Set DEC7 Volume 0

 Set MultiMedia1 Mixer SLIM_0_TX 0

 Set SLIM_0_TX Channels One

 Set AIF1_CAP Mixer SLIM TX7 0

 Set SLIM TX7 MUX ZERO

 Set DMIC MUX7 ZEROtest 17 success


[INFO |05:52:16] DUT stop to record
[INFO |05:52:16] get recorded wav file from DUT(/sdcard/dmic1.wav) to host(D:\FTU\FTU_efbb_1.0.24_3.18.16_UTP-G3-Touch-Pro\logs\audio\9041B25CA6A2_20260405T054733+08_UniFiTalk_audio_mic_2_after_seal.wav)
[INFO |05:52:16] 
[INFO |05:52:16] Running: ['-s', '192.168.1.20', 'pull', '/sdcard/dmic1.wav', 'D:\\FTU\\FTU_efbb_1.0.24_3.18.16_UTP-G3-Touch-Pro\\logs\\audio\\9041B25CA6A2_20260405T054733+08_UniFiTalk_audio_mic_2_after_seal.wav']
D:\FTU\FTU_efbb_1.0.24_3.18.16_UTP-G3-Touch-Pro\tools\android_tool\adb.exe -s 192.168.1.20 pull /sdcard/dmic1.wav D:\FTU\FTU_efbb_1.0.24_3.18.16_UTP-G3-Touch-Pro\logs\audio\9041B25CA6A2_20260405T054733+08_UniFiTalk_audio_mic_2_after_seal.wav
[INFO |05:52:16] rsp = /sdcard/dmic1.wav: 1 file pulled, 0 skipped. 39.6 MB/s (2492204 bytes in 0.060s)


[INFO |05:52:17] before_seal_host_path = {'mic_1': 'D:\\FTU\\FTU_efbb_1.0.24_3.18.16_UTP-G3-Touch-Pro\\logs\\audio\\9041B25CA6A2_20260405T054733+08_UniFiTalk_audio_mic_1_before_seal.wav', 'mic_2': 'D:\\FTU\\FTU_efbb_1.0.24_3.18.16_UTP-G3-Touch-Pro\\logs\\audio\\9041B25CA6A2_20260405T054733+08_UniFiTalk_audio_mic_2_before_seal.wav'}
[INFO |05:52:17] after_seal_host_path = {'mic_1': 'D:\\FTU\\FTU_efbb_1.0.24_3.18.16_UTP-G3-Touch-Pro\\logs\\audio\\9041B25CA6A2_20260405T054733+08_UniFiTalk_audio_mic_1_after_seal.wav', 'mic_2': 'D:\\FTU\\FTU_efbb_1.0.24_3.18.16_UTP-G3-Touch-Pro\\logs\\audio\\9041B25CA6A2_20260405T054733+08_UniFiTalk_audio_mic_2_after_seal.wav'}
[INFO |05:52:17] 
[INFO |05:52:17] mic_1 seal..
[INFO |05:52:17] spec_path = D:\FTU\FTU_efbb_1.0.24_3.18.16_UTP-G3-Touch-Pro\tools\UTP-G3-Touch-Pro\audio\G3TouchPro_HF_micSeal_1_VN_20240504.ini
[INFO |05:52:17] Init parameter table...
[DEBUG|05:52:17] SampleRate = 44100
[DEBUG|05:52:17] Minimum silence length = 3.00 sec
[DEBUG|05:52:17] EnablePlot = 1
[DEBUG|05:52:17] RubBuzzFlg = 1
[DEBUG|05:52:17] ComNoiseDetFlg = 1
[DEBUG|05:52:17] PopNoiseDetFlg = 1
[DEBUG|05:52:17] CNDStartFreq = 2000 Hz
[DEBUG|05:52:17] CNDEndFreq = 15000 Hz
[DEBUG|05:52:17] CNDDiffdBVal = 20.00 dB
[DEBUG|05:52:17] PNDStd = 5
[DEBUG|05:52:17] PNDThreshold = 0.20 dB
[INFO |05:52:17] Init parameter table...
[INFO |05:52:17] np.concatenate(y) = [ 0.          0.          0.         ... -0.01037598 -0.0100708
 -0.01049805]
[INFO |05:52:17] orig_sr = 48000
[INFO |05:52:17] num_remove_sample = 1920, start to remove samples
[INFO |05:52:17] before remove_smaples, len(y) = 1245120
[INFO |05:52:17] after remove_smaples, len(y) = 1243200
[INFO |05:52:17] 
[INFO |05:52:17] Before seal analysis
[INFO |05:52:17] [PASS] Locate sweeping tone for before seal = True
[INFO |05:52:17] Frequency Response before seal = [-20.637089 -17.869904 -21.949608 -18.293964 -17.356083 -19.118744
 -20.505833 -22.274246 -27.923077 -27.208231 -19.235418 -17.437922
 -18.221186 -21.067427 -25.79913  -27.244152 -29.043045 -31.161291
 -31.622858 -30.943954 -34.08748  -30.566437 -29.897747 -30.082159
 -29.796762 -29.763302 -32.370472 -36.856377 -31.532495 -30.552979
 -30.340643 -34.828766 -31.103287 -29.98553  -30.83958  -31.577137
 -28.403522 -35.54172  -31.04605  -30.97961  -33.9803   -35.141468
 -34.564148 -34.30964  -29.960884 -31.72718  -34.4794   -30.84115
 -31.909912 -33.52002  -29.404696 -30.207119 -31.277151 -30.865776
 -33.162395 -31.07971  -29.119387 -29.996977 -30.452362 -28.983412
 -28.4444   -30.477505 -28.58871  -28.051903 -27.537907 -26.666134
 -26.560192 -27.065441 -30.82621 ]
[INFO |05:52:17] np.concatenate(y) = [ 0.0000000e+00  0.0000000e+00  0.0000000e+00 ... -6.1035156e-05
 -9.1552734e-05  3.0517578e-05]
[INFO |05:52:17] orig_sr = 48000
[INFO |05:52:17] num_remove_sample = 1920, start to remove samples
[INFO |05:52:17] before remove_smaples, len(y) = 1245120
[INFO |05:52:17] after remove_smaples, len(y) = 1243200
[INFO |05:52:17] 
[INFO |05:52:17] After seal analysis
[INFO |05:52:17] [PASS] Locate sweeping tone for after seal = True
[INFO |05:52:17] Frequency Response after seal = [-70.123726 -69.53782  -74.01505  -64.792564 -61.58344  -67.35022
 -67.47572  -75.013855 -77.582504 -80.008    -69.3661   -68.16783
 -69.92938  -74.10018  -80.45933  -78.655975 -77.54036  -72.33905
 -73.87657  -74.89957  -79.020645 -83.943726 -80.43358  -77.50369
 -70.63998  -71.746376 -73.26776  -78.85972  -71.84245  -71.72463
 -88.63806  -80.50041  -74.084236 -72.92603  -69.698456 -68.89579
 -67.31291  -77.88623  -74.59934  -76.64366  -79.80515  -76.86354
 -75.30529  -75.79601  -70.91924  -73.78761  -78.02987  -74.381165
 -79.94502  -79.19509  -74.56865  -74.712074 -75.19113  -75.97287
 -78.8868   -76.17583  -75.6211   -75.319084 -72.86531  -72.933876
 -72.41548  -72.33034  -70.406296 -70.85184  -70.153915 -68.94955
 -70.308525 -71.58629  -75.3352  ]
[INFO |05:52:17] Frequency Response Seal = [49.486637 51.667915 52.065445 46.4986   44.227356 48.231476 46.96989
 52.73961  49.659428 52.799774 50.130676 50.72991  51.7082   53.032753
 54.6602   51.411823 48.497314 41.177757 42.253716 43.955612 44.933167
 53.37729  50.53583  47.42153  40.843216 41.983074 40.89729  42.00334
 40.30996  41.171654 58.297417 45.671646 42.98095  42.940502 38.858875
 37.318653 38.90939  42.34451  43.55329  45.66405  45.824852 41.722073
 40.741142 41.486374 40.95836  42.060432 43.55047  43.540016 48.03511
 45.67507  45.163956 44.504955 43.91398  45.107094 45.724407 45.096115
 46.501717 45.322105 42.41295  43.950462 43.97108  41.852833 41.817585
 42.799934 42.61601  42.283413 43.748333 44.520847 44.508987]
[INFO |05:52:17] 
[INFO |05:52:17] --------------------------------------------------------------------------------
[INFO |05:52:17] --------------------------------------------------------------------------------
[INFO |05:52:17] Audio FTU version: 1.3.1
[INFO |05:52:17] mode: mic
[INFO |05:52:17] isSoundCheck: False
[INFO |05:52:17] HF MIC Sealing Test Result:
[INFO |05:52:17] FREQ: 10000 Hz
[INFO |05:52:17] [PASS]    SEAL: 49.49 (x > 20.00, -20.64 --> -70.12)
[INFO |05:52:17] FREQ: 9500 Hz
[INFO |05:52:17] [PASS]    SEAL: 51.67 (x > 20.00, -17.87 --> -69.54)
[INFO |05:52:17] FREQ: 9000 Hz
[INFO |05:52:17] [PASS]    SEAL: 52.07 (x > 20.00, -21.95 --> -74.02)
[INFO |05:52:17] FREQ: 8500 Hz
[INFO |05:52:17] [PASS]    SEAL: 46.50 (x > 20.00, -18.29 --> -64.79)
[INFO |05:52:17] FREQ: 8000 Hz
[INFO |05:52:17] [PASS]    SEAL: 44.23 (x > 20.00, -17.36 --> -61.58)
[INFO |05:52:17] FREQ: 7500 Hz
[INFO |05:52:17] [PASS]    SEAL: 48.23 (x > 20.00, -19.12 --> -67.35)
[INFO |05:52:17] FREQ: 7100 Hz
[INFO |05:52:17] [PASS]    SEAL: 46.97 (x > 20.00, -20.51 --> -67.48)
[INFO |05:52:17] FREQ: 6700 Hz
[INFO |05:52:17] [PASS]    SEAL: 52.74 (x > 20.00, -22.27 --> -75.01)
[INFO |05:52:17] FREQ: 6300 Hz
[INFO |05:52:17] [PASS]    SEAL: 49.66 (x > 20.00, -27.92 --> -77.58)
[INFO |05:52:17] FREQ: 6000 Hz
[INFO |05:52:17] [PASS]    SEAL: 52.80 (x > 20.00, -27.21 --> -80.01)
[INFO |05:52:17] FREQ: 5600 Hz
[INFO |05:52:17] [PASS]    SEAL: 50.13 (x > 20.00, -19.24 --> -69.37)
[INFO |05:52:17] FREQ: 5300 Hz
[INFO |05:52:17] [PASS]    SEAL: 50.73 (x > 20.00, -17.44 --> -68.17)
[INFO |05:52:17] FREQ: 5000 Hz
[INFO |05:52:17] [PASS]    SEAL: 51.71 (x > 20.00, -18.22 --> -69.93)
[INFO |05:52:17] FREQ: 4750 Hz
[INFO |05:52:17] [PASS]    SEAL: 53.03 (x > 20.00, -21.07 --> -74.10)
[INFO |05:52:17] FREQ: 4500 Hz
[INFO |05:52:17] [PASS]    SEAL: 54.66 (x > 20.00, -25.80 --> -80.46)
[INFO |05:52:17] FREQ: 4250 Hz
[INFO |05:52:17] [PASS]    SEAL: 51.41 (x > 20.00, -27.24 --> -78.66)
[INFO |05:52:17] FREQ: 4000 Hz
[INFO |05:52:17] [PASS]    SEAL: 48.50 (x > 20.00, -29.04 --> -77.54)
[INFO |05:52:17] FREQ: 3750 Hz
[INFO |05:52:17] [PASS]    SEAL: 41.18 (x > 20.00, -31.16 --> -72.34)
[INFO |05:52:17] FREQ: 3550 Hz
[INFO |05:52:17] [PASS]    SEAL: 42.25 (x > 20.00, -31.62 --> -73.88)
[INFO |05:52:17] FREQ: 3350 Hz
[INFO |05:52:17] [PASS]    SEAL: 43.96 (x > 20.00, -30.94 --> -74.90)
[INFO |05:52:17] FREQ: 3150 Hz
[INFO |05:52:17] [PASS]    SEAL: 44.93 (x > 20.00, -34.09 --> -79.02)
[INFO |05:52:17] FREQ: 3000 Hz
[INFO |05:52:17] [PASS]    SEAL: 53.38 (x > 20.00, -30.57 --> -83.94)
[INFO |05:52:17] FREQ: 2800 Hz
[INFO |05:52:17] [PASS]    SEAL: 50.54 (x > 20.00, -29.90 --> -80.43)
[INFO |05:52:17] FREQ: 2650 Hz
[INFO |05:52:17] [PASS]    SEAL: 47.42 (x > 20.00, -30.08 --> -77.50)
[INFO |05:52:17] FREQ: 2500 Hz
[INFO |05:52:17] [PASS]    SEAL: 40.84 (x > 20.00, -29.80 --> -70.64)
[INFO |05:52:17] FREQ: 2360 Hz
[INFO |05:52:17] [PASS]    SEAL: 41.98 (x > 20.00, -29.76 --> -71.75)
[INFO |05:52:17] FREQ: 2240 Hz
[INFO |05:52:17] [PASS]    SEAL: 40.90 (x > 20.00, -32.37 --> -73.27)
[INFO |05:52:17] FREQ: 2120 Hz
[INFO |05:52:17] [PASS]    SEAL: 42.00 (x > 20.00, -36.86 --> -78.86)
[INFO |05:52:17] FREQ: 2000 Hz
[INFO |05:52:17] [PASS]    SEAL: 40.31 (x > 20.00, -31.53 --> -71.84)
[INFO |05:52:17] FREQ: 1900 Hz
[INFO |05:52:17] [PASS]    SEAL: 41.17 (x > 20.00, -30.55 --> -71.72)
[INFO |05:52:17] FREQ: 1800 Hz
[INFO |05:52:17] [PASS]    SEAL: 58.30 (x > 20.00, -30.34 --> -88.64)
[INFO |05:52:17] FREQ: 1700 Hz
[INFO |05:52:17] [PASS]    SEAL: 45.67 (x > 20.00, -34.83 --> -80.50)
[INFO |05:52:17] FREQ: 1600 Hz
[INFO |05:52:17] [PASS]    SEAL: 42.98 (x > 20.00, -31.10 --> -74.08)
[INFO |05:52:17] FREQ: 1500 Hz
[INFO |05:52:17] [PASS]    SEAL: 42.94 (x > 20.00, -29.99 --> -72.93)
[INFO |05:52:17] FREQ: 1400 Hz
[INFO |05:52:17] [PASS]    SEAL: 38.86 (x > 20.00, -30.84 --> -69.70)
[INFO |05:52:17] FREQ: 1320 Hz
[INFO |05:52:17] [PASS]    SEAL: 37.32 (x > 20.00, -31.58 --> -68.90)
[INFO |05:52:17] FREQ: 1250 Hz
[INFO |05:52:17] [PASS]    SEAL: 38.91 (x > 20.00, -28.40 --> -67.31)
[INFO |05:52:17] FREQ: 1180 Hz
[INFO |05:52:17] [PASS]    SEAL: 42.34 (x > 20.00, -35.54 --> -77.89)
[INFO |05:52:17] FREQ: 1120 Hz
[INFO |05:52:17] [PASS]    SEAL: 43.55 (x > 20.00, -31.05 --> -74.60)
[INFO |05:52:17] FREQ: 1060 Hz
[INFO |05:52:17] [PASS]    SEAL: 45.66 (x > 20.00, -30.98 --> -76.64)
[INFO |05:52:17] FREQ: 1000 Hz
[INFO |05:52:17] [PASS]    SEAL: 45.82 (x > 20.00, -33.98 --> -79.81)
[INFO |05:52:17] FREQ: 950 Hz
[INFO |05:52:17] [PASS]    SEAL: 41.72 (x > 20.00, -35.14 --> -76.86)
[INFO |05:52:17] FREQ: 900 Hz
[INFO |05:52:17] [PASS]    SEAL: 40.74 (x > 20.00, -34.56 --> -75.31)
[INFO |05:52:17] FREQ: 850 Hz
[INFO |05:52:17] [PASS]    SEAL: 41.49 (x > 20.00, -34.31 --> -75.80)
[INFO |05:52:17] FREQ: 800 Hz
[INFO |05:52:17] [PASS]    SEAL: 40.96 (x > 20.00, -29.96 --> -70.92)
[INFO |05:52:17] FREQ: 750 Hz
[INFO |05:52:17] [PASS]    SEAL: 42.06 (x > 20.00, -31.73 --> -73.79)
[INFO |05:52:17] FREQ: 710 Hz
[INFO |05:52:17] [PASS]    SEAL: 43.55 (x > 20.00, -34.48 --> -78.03)
[INFO |05:52:17] FREQ: 670 Hz
[INFO |05:52:17] [PASS]    SEAL: 43.54 (x > 20.00, -30.84 --> -74.38)
[INFO |05:52:17] FREQ: 630 Hz
[INFO |05:52:17] [PASS]    SEAL: 48.04 (x > 20.00, -31.91 --> -79.95)
[INFO |05:52:17] FREQ: 600 Hz
[INFO |05:52:17] [PASS]    SEAL: 45.68 (x > 20.00, -33.52 --> -79.20)
[INFO |05:52:17] FREQ: 560 Hz
[INFO |05:52:17] [PASS]    SEAL: 45.16 (x > 20.00, -29.40 --> -74.57)
[INFO |05:52:17] FREQ: 530 Hz
[INFO |05:52:17] [PASS]    SEAL: 44.50 (x > 20.00, -30.21 --> -74.71)
[INFO |05:52:17] FREQ: 500 Hz
[INFO |05:52:17] [PASS]    SEAL: 43.91 (x > 20.00, -31.28 --> -75.19)
[INFO |05:52:17] FREQ: 475 Hz
[INFO |05:52:17] [PASS]    SEAL: 45.11 (x > 20.00, -30.87 --> -75.97)
[INFO |05:52:17] FREQ: 450 Hz
[INFO |05:52:17] [PASS]    SEAL: 45.72 (x > 20.00, -33.16 --> -78.89)
[INFO |05:52:17] FREQ: 425 Hz
[INFO |05:52:17] [PASS]    SEAL: 45.10 (x > 20.00, -31.08 --> -76.18)
[INFO |05:52:17] FREQ: 400 Hz
[INFO |05:52:17] [PASS]    SEAL: 46.50 (x > 20.00, -29.12 --> -75.62)
[INFO |05:52:17] FREQ: 375 Hz
[INFO |05:52:17] [PASS]    SEAL: 45.32 (x > 20.00, -30.00 --> -75.32)
[INFO |05:52:17] FREQ: 355 Hz
[INFO |05:52:17] [PASS]    SEAL: 42.41 (x > 20.00, -30.45 --> -72.87)
[INFO |05:52:17] FREQ: 335 Hz
[INFO |05:52:17] [PASS]    SEAL: 43.95 (x > 20.00, -28.98 --> -72.93)
[INFO |05:52:17] FREQ: 315 Hz
[INFO |05:52:17] [PASS]    SEAL: 43.97 (x > 20.00, -28.44 --> -72.42)
[INFO |05:52:17] FREQ: 300 Hz
[INFO |05:52:17] [PASS]    SEAL: 41.85 (x > 20.00, -30.48 --> -72.33)
[INFO |05:52:17] FREQ: 280 Hz
[INFO |05:52:17] [PASS]    SEAL: 41.82 (x > 20.00, -28.59 --> -70.41)
[INFO |05:52:17] FREQ: 265 Hz
[INFO |05:52:17] [PASS]    SEAL: 42.80 (x > 20.00, -28.05 --> -70.85)
[INFO |05:52:17] FREQ: 250 Hz
[INFO |05:52:17] [PASS]    SEAL: 42.62 (x > 20.00, -27.54 --> -70.15)
[INFO |05:52:17] FREQ: 236 Hz
[INFO |05:52:17] [PASS]    SEAL: 42.28 (x > 20.00, -26.67 --> -68.95)
[INFO |05:52:17] FREQ: 224 Hz
[INFO |05:52:17] [PASS]    SEAL: 43.75 (x > 20.00, -26.56 --> -70.31)
[INFO |05:52:17] FREQ: 212 Hz
[INFO |05:52:17] [PASS]    SEAL: 44.52 (x > 20.00, -27.07 --> -71.59)
[INFO |05:52:17] FREQ: 200 Hz
[INFO |05:52:17] [PASS]    SEAL: 44.51 (x > 20.00, -30.83 --> -75.34)
[INFO |05:52:17] ---END--------------------------------------------------------------------------
[INFO |05:52:17] 
[INFO |05:52:17] ==============================
[INFO |05:52:17] Test Result: PASS
[INFO |05:52:17] ==============================
[INFO |05:52:17] 
[INFO |05:52:17] 
[INFO |05:52:17] mic_2 seal..
[INFO |05:52:17] spec_path = D:\FTU\FTU_efbb_1.0.24_3.18.16_UTP-G3-Touch-Pro\tools\UTP-G3-Touch-Pro\audio\G3TouchPro_HF_micSeal_2_VN_20240504.ini
[INFO |05:52:17] Init parameter table...
[DEBUG|05:52:17] SampleRate = 44100
[DEBUG|05:52:17] Minimum silence length = 3.00 sec
[DEBUG|05:52:17] EnablePlot = 1
[DEBUG|05:52:17] RubBuzzFlg = 1
[DEBUG|05:52:17] ComNoiseDetFlg = 1
[DEBUG|05:52:17] PopNoiseDetFlg = 1
[DEBUG|05:52:17] CNDStartFreq = 2000 Hz
[DEBUG|05:52:17] CNDEndFreq = 15000 Hz
[DEBUG|05:52:17] CNDDiffdBVal = 20.00 dB
[DEBUG|05:52:17] PNDStd = 5
[DEBUG|05:52:17] PNDThreshold = 0.20 dB
[INFO |05:52:17] Init parameter table...
[INFO |05:52:17] np.concatenate(y) = [0.         0.         0.         ... 0.00717163 0.00695801 0.00720215]
[INFO |05:52:17] orig_sr = 48000
[INFO |05:52:17] num_remove_sample = 1920, start to remove samples
[INFO |05:52:17] before remove_smaples, len(y) = 1245120
[INFO |05:52:17] after remove_smaples, len(y) = 1243200
[INFO |05:52:17] 
[INFO |05:52:17] Before seal analysis
[INFO |05:52:17] [PASS] Locate sweeping tone for before seal = True
[INFO |05:52:17] Frequency Response before seal = [-20.681759 -17.887472 -22.384546 -18.330795 -16.308863 -18.930351
 -21.29995  -26.132935 -28.714762 -22.218311 -17.2812   -17.273396
 -20.259533 -23.03954  -25.985924 -28.147392 -29.259892 -32.535404
 -32.949966 -29.127914 -33.77209  -33.102776 -31.735588 -30.4556
 -29.596825 -26.531078 -30.97168  -37.27936  -33.158592 -31.27495
 -30.847052 -36.25331  -31.363655 -30.497656 -31.072023 -31.728672
 -28.373964 -34.847923 -29.539467 -30.54303  -33.77292  -34.541916
 -34.69425  -35.405476 -30.882957 -31.173326 -34.441357 -31.25618
 -31.964132 -33.616024 -29.624058 -30.794388 -32.026287 -31.560627
 -33.5797   -31.254726 -29.08601  -29.868427 -30.372732 -28.90841
 -28.436335 -30.493944 -28.556978 -28.048494 -27.570992 -26.71635
 -26.603737 -27.118904 -30.881445]
[INFO |05:52:17] np.concatenate(y) = [ 0.0000000e+00  0.0000000e+00  0.0000000e+00 ... -3.0517578e-05
 -9.1552734e-05 -9.1552734e-05]
[INFO |05:52:17] orig_sr = 48000
[INFO |05:52:17] num_remove_sample = 2880, start to remove samples
[INFO |05:52:17] before remove_smaples, len(y) = 1246080
[INFO |05:52:17] after remove_smaples, len(y) = 1243200
[INFO |05:52:17] 
[INFO |05:52:17] After seal analysis
[INFO |05:52:17] [PASS] Locate sweeping tone for after seal = True
[INFO |05:52:17] Frequency Response after seal = [-75.10075  -74.298355 -78.17842  -68.28169  -65.23716  -67.01959
 -73.55529  -77.29568  -81.92723  -75.163284 -66.94042  -64.38136
 -77.08526  -86.09122  -79.85838  -77.654175 -79.50996  -80.92866
 -84.397064 -78.69353  -83.578705 -82.14697  -86.74721  -78.12508
 -75.38173  -72.98035  -76.58897  -81.46213  -77.138275 -75.915924
 -74.21104  -79.26413  -80.411606 -77.99512  -76.87651  -76.86999
 -77.56845  -85.90615  -76.38859  -77.2926   -79.64925  -77.845375
 -75.01493  -77.19794  -70.07345  -71.95448  -76.55346  -72.4792
 -76.28152  -77.29161  -76.61168  -81.61605  -86.95679  -88.16498
 -89.67934  -85.16185  -82.90764  -81.91788  -87.97927  -85.39133
 -83.0342   -84.61229  -82.024536 -80.64919  -80.096115 -78.87525
 -77.91573  -78.11235  -81.50536 ]
[INFO |05:52:17] Frequency Response Seal = [54.418995 56.41088  55.793877 49.950897 48.9283   48.08924  52.25534
 51.162743 53.21247  52.944973 49.65922  47.107967 56.825726 63.051678
 53.87246  49.506783 50.250065 48.393253 51.447098 49.565613 49.806614
 49.044197 55.01162  47.669476 45.784904 46.44927  45.617287 44.182766
 43.979683 44.640976 43.363983 43.01082  49.04795  47.49746  45.80449
 45.141315 49.19449  51.058228 46.84912  46.749573 45.876328 43.30346
 40.320683 41.79246  39.19049  40.78116  42.112103 41.223022 44.317383
 43.675587 46.98762  50.821663 54.9305   56.60435  56.099636 53.907124
 53.82163  52.04945  57.606537 56.482918 54.59787  54.118347 53.46756
 52.6007   52.525124 52.1589   51.311996 50.993446 50.623917]
[INFO |05:52:17] 
[INFO |05:52:17] --------------------------------------------------------------------------------
[INFO |05:52:17] --------------------------------------------------------------------------------
[INFO |05:52:17] Audio FTU version: 1.3.1
[INFO |05:52:17] mode: mic
[INFO |05:52:17] isSoundCheck: False
[INFO |05:52:17] HF MIC Sealing Test Result:
[INFO |05:52:17] FREQ: 10000 Hz
[INFO |05:52:17] [PASS]    SEAL: 54.42 (x > 20.00, -20.68 --> -75.10)
[INFO |05:52:17] FREQ: 9500 Hz
[INFO |05:52:17] [PASS]    SEAL: 56.41 (x > 20.00, -17.89 --> -74.30)
[INFO |05:52:17] FREQ: 9000 Hz
[INFO |05:52:17] [PASS]    SEAL: 55.79 (x > 20.00, -22.38 --> -78.18)
[INFO |05:52:17] FREQ: 8500 Hz
[INFO |05:52:17] [PASS]    SEAL: 49.95 (x > 20.00, -18.33 --> -68.28)
[INFO |05:52:17] FREQ: 8000 Hz
[INFO |05:52:17] [PASS]    SEAL: 48.93 (x > 20.00, -16.31 --> -65.24)
[INFO |05:52:17] FREQ: 7500 Hz
[INFO |05:52:17] [PASS]    SEAL: 48.09 (x > 20.00, -18.93 --> -67.02)
[INFO |05:52:17] FREQ: 7100 Hz
[INFO |05:52:17] [PASS]    SEAL: 52.26 (x > 20.00, -21.30 --> -73.56)
[INFO |05:52:17] FREQ: 6700 Hz
[INFO |05:52:17] [PASS]    SEAL: 51.16 (x > 20.00, -26.13 --> -77.30)
[INFO |05:52:17] FREQ: 6300 Hz
[INFO |05:52:17] [PASS]    SEAL: 53.21 (x > 20.00, -28.71 --> -81.93)
[INFO |05:52:17] FREQ: 6000 Hz
[INFO |05:52:17] [PASS]    SEAL: 52.94 (x > 20.00, -22.22 --> -75.16)
[INFO |05:52:17] FREQ: 5600 Hz
[INFO |05:52:17] [PASS]    SEAL: 49.66 (x > 20.00, -17.28 --> -66.94)
[INFO |05:52:17] FREQ: 5300 Hz
[INFO |05:52:17] [PASS]    SEAL: 47.11 (x > 20.00, -17.27 --> -64.38)
[INFO |05:52:17] FREQ: 5000 Hz
[INFO |05:52:17] [PASS]    SEAL: 56.83 (x > 20.00, -20.26 --> -77.09)
[INFO |05:52:17] FREQ: 4750 Hz
[INFO |05:52:17] [PASS]    SEAL: 63.05 (x > 20.00, -23.04 --> -86.09)
[INFO |05:52:17] FREQ: 4500 Hz
[INFO |05:52:17] [PASS]    SEAL: 53.87 (x > 20.00, -25.99 --> -79.86)
[INFO |05:52:17] FREQ: 4250 Hz
[INFO |05:52:17] [PASS]    SEAL: 49.51 (x > 20.00, -28.15 --> -77.65)
[INFO |05:52:17] FREQ: 4000 Hz
[INFO |05:52:17] [PASS]    SEAL: 50.25 (x > 20.00, -29.26 --> -79.51)
[INFO |05:52:17] FREQ: 3750 Hz
[INFO |05:52:17] [PASS]    SEAL: 48.39 (x > 20.00, -32.54 --> -80.93)
[INFO |05:52:17] FREQ: 3550 Hz
[INFO |05:52:17] [PASS]    SEAL: 51.45 (x > 20.00, -32.95 --> -84.40)
[INFO |05:52:17] FREQ: 3350 Hz
[INFO |05:52:17] [PASS]    SEAL: 49.57 (x > 20.00, -29.13 --> -78.69)
[INFO |05:52:17] FREQ: 3150 Hz
[INFO |05:52:17] [PASS]    SEAL: 49.81 (x > 20.00, -33.77 --> -83.58)
[INFO |05:52:17] FREQ: 3000 Hz
[INFO |05:52:17] [PASS]    SEAL: 49.04 (x > 20.00, -33.10 --> -82.15)
[INFO |05:52:17] FREQ: 2800 Hz
[INFO |05:52:17] [PASS]    SEAL: 55.01 (x > 20.00, -31.74 --> -86.75)
[INFO |05:52:17] FREQ: 2650 Hz
[INFO |05:52:17] [PASS]    SEAL: 47.67 (x > 20.00, -30.46 --> -78.13)
[INFO |05:52:17] FREQ: 2500 Hz
[INFO |05:52:17] [PASS]    SEAL: 45.78 (x > 20.00, -29.60 --> -75.38)
[INFO |05:52:17] FREQ: 2360 Hz
[INFO |05:52:17] [PASS]    SEAL: 46.45 (x > 20.00, -26.53 --> -72.98)
[INFO |05:52:17] FREQ: 2240 Hz
[INFO |05:52:17] [PASS]    SEAL: 45.62 (x > 20.00, -30.97 --> -76.59)
[INFO |05:52:17] FREQ: 2120 Hz
[INFO |05:52:17] [PASS]    SEAL: 44.18 (x > 20.00, -37.28 --> -81.46)
[INFO |05:52:17] FREQ: 2000 Hz
[INFO |05:52:17] [PASS]    SEAL: 43.98 (x > 20.00, -33.16 --> -77.14)
[INFO |05:52:17] FREQ: 1900 Hz
[INFO |05:52:17] [PASS]    SEAL: 44.64 (x > 20.00, -31.27 --> -75.92)
[INFO |05:52:17] FREQ: 1800 Hz
[INFO |05:52:17] [PASS]    SEAL: 43.36 (x > 20.00, -30.85 --> -74.21)
[INFO |05:52:17] FREQ: 1700 Hz
[INFO |05:52:17] [PASS]    SEAL: 43.01 (x > 20.00, -36.25 --> -79.26)
[INFO |05:52:17] FREQ: 1600 Hz
[INFO |05:52:17] [PASS]    SEAL: 49.05 (x > 20.00, -31.36 --> -80.41)
[INFO |05:52:17] FREQ: 1500 Hz
[INFO |05:52:17] [PASS]    SEAL: 47.50 (x > 20.00, -30.50 --> -78.00)
[INFO |05:52:17] FREQ: 1400 Hz
[INFO |05:52:17] [PASS]    SEAL: 45.80 (x > 20.00, -31.07 --> -76.88)
[INFO |05:52:17] FREQ: 1320 Hz
[INFO |05:52:17] [PASS]    SEAL: 45.14 (x > 20.00, -31.73 --> -76.87)
[INFO |05:52:17] FREQ: 1250 Hz
[INFO |05:52:17] [PASS]    SEAL: 49.19 (x > 20.00, -28.37 --> -77.57)
[INFO |05:52:17] FREQ: 1180 Hz
[INFO |05:52:17] [PASS]    SEAL: 51.06 (x > 20.00, -34.85 --> -85.91)
[INFO |05:52:17] FREQ: 1120 Hz
[INFO |05:52:17] [PASS]    SEAL: 46.85 (x > 20.00, -29.54 --> -76.39)
[INFO |05:52:17] FREQ: 1060 Hz
[INFO |05:52:17] [PASS]    SEAL: 46.75 (x > 20.00, -30.54 --> -77.29)
[INFO |05:52:17] FREQ: 1000 Hz
[INFO |05:52:17] [PASS]    SEAL: 45.88 (x > 20.00, -33.77 --> -79.65)
[INFO |05:52:17] FREQ: 950 Hz
[INFO |05:52:17] [PASS]    SEAL: 43.30 (x > 20.00, -34.54 --> -77.85)
[INFO |05:52:17] FREQ: 900 Hz
[INFO |05:52:17] [PASS]    SEAL: 40.32 (x > 20.00, -34.69 --> -75.01)
[INFO |05:52:17] FREQ: 850 Hz
[INFO |05:52:17] [PASS]    SEAL: 41.79 (x > 20.00, -35.41 --> -77.20)
[INFO |05:52:17] FREQ: 800 Hz
[INFO |05:52:17] [PASS]    SEAL: 39.19 (x > 20.00, -30.88 --> -70.07)
[INFO |05:52:17] FREQ: 750 Hz
[INFO |05:52:17] [PASS]    SEAL: 40.78 (x > 20.00, -31.17 --> -71.95)
[INFO |05:52:17] FREQ: 710 Hz
[INFO |05:52:17] [PASS]    SEAL: 42.11 (x > 20.00, -34.44 --> -76.55)
[INFO |05:52:17] FREQ: 670 Hz
[INFO |05:52:17] [PASS]    SEAL: 41.22 (x > 20.00, -31.26 --> -72.48)
[INFO |05:52:17] FREQ: 630 Hz
[INFO |05:52:17] [PASS]    SEAL: 44.32 (x > 20.00, -31.96 --> -76.28)
[INFO |05:52:17] FREQ: 600 Hz
[INFO |05:52:17] [PASS]    SEAL: 43.68 (x > 20.00, -33.62 --> -77.29)
[INFO |05:52:17] FREQ: 560 Hz
[INFO |05:52:17] [PASS]    SEAL: 46.99 (x > 20.00, -29.62 --> -76.61)
[INFO |05:52:17] FREQ: 530 Hz
[INFO |05:52:17] [PASS]    SEAL: 50.82 (x > 20.00, -30.79 --> -81.62)
[INFO |05:52:17] FREQ: 500 Hz
[INFO |05:52:17] [PASS]    SEAL: 54.93 (x > 20.00, -32.03 --> -86.96)
[INFO |05:52:17] FREQ: 475 Hz
[INFO |05:52:17] [PASS]    SEAL: 56.60 (x > 20.00, -31.56 --> -88.16)
[INFO |05:52:17] FREQ: 450 Hz
[INFO |05:52:17] [PASS]    SEAL: 56.10 (x > 20.00, -33.58 --> -89.68)
[INFO |05:52:17] FREQ: 425 Hz
[INFO |05:52:17] [PASS]    SEAL: 53.91 (x > 20.00, -31.25 --> -85.16)
[INFO |05:52:17] FREQ: 400 Hz
[INFO |05:52:17] [PASS]    SEAL: 53.82 (x > 20.00, -29.09 --> -82.91)
[INFO |05:52:17] FREQ: 375 Hz
[INFO |05:52:17] [PASS]    SEAL: 52.05 (x > 20.00, -29.87 --> -81.92)
[INFO |05:52:17] FREQ: 355 Hz
[INFO |05:52:17] [PASS]    SEAL: 57.61 (x > 20.00, -30.37 --> -87.98)
[INFO |05:52:17] FREQ: 335 Hz
[INFO |05:52:17] [PASS]    SEAL: 56.48 (x > 20.00, -28.91 --> -85.39)
[INFO |05:52:17] FREQ: 315 Hz
[INFO |05:52:17] [PASS]    SEAL: 54.60 (x > 20.00, -28.44 --> -83.03)
[INFO |05:52:17] FREQ: 300 Hz
[INFO |05:52:17] [PASS]    SEAL: 54.12 (x > 20.00, -30.49 --> -84.61)
[INFO |05:52:17] FREQ: 280 Hz
[INFO |05:52:17] [PASS]    SEAL: 53.47 (x > 20.00, -28.56 --> -82.02)
[INFO |05:52:17] FREQ: 265 Hz
[INFO |05:52:17] [PASS]    SEAL: 52.60 (x > 20.00, -28.05 --> -80.65)
[INFO |05:52:17] FREQ: 250 Hz
[INFO |05:52:17] [PASS]    SEAL: 52.53 (x > 20.00, -27.57 --> -80.10)
[INFO |05:52:17] FREQ: 236 Hz
[INFO |05:52:17] [PASS]    SEAL: 52.16 (x > 20.00, -26.72 --> -78.88)
[INFO |05:52:17] FREQ: 224 Hz
[INFO |05:52:17] [PASS]    SEAL: 51.31 (x > 20.00, -26.60 --> -77.92)
[INFO |05:52:17] FREQ: 212 Hz
[INFO |05:52:17] [PASS]    SEAL: 50.99 (x > 20.00, -27.12 --> -78.11)
[INFO |05:52:17] FREQ: 200 Hz
[INFO |05:52:17] [PASS]    SEAL: 50.62 (x > 20.00, -30.88 --> -81.51)
[INFO |05:52:17] ---END--------------------------------------------------------------------------
[INFO |05:52:17] 
[INFO |05:52:17] ==============================
[INFO |05:52:17] Test Result: PASS
[INFO |05:52:17] ==============================
[INFO |05:52:17] 
[INFO |05:52:17] 
[INFO |05:52:17] self.results = {'mic_1': True, 'mic_2': True}
[INFO |05:52:17] [pass] -audio_mic_seal_test-
[INFO |05:52:17] Time Elapsed: 137.116 sec [520, [SL-AUD-ETH] HF Mic seal Test]
[INFO |05:52:17] 
[INFO |05:52:17]   ID  Test Name                       Count  Pass/Fail
[INFO |05:52:17] --------------------------------------------------------------------------------
[INFO |05:52:17]  520  [SL-AUD-ETH] HF Mic seal Test     1       1/0   [OK, 0]
[INFO |05:52:17] 
[INFO |05:52:17] ===Test report==================================================================
[INFO |05:52:17]   ID  Test Name                       Count  Pass/Fail
[INFO |05:52:17] --------------------------------------------------------------------------------
[INFO |05:52:17]  101  [ETH] Check MAC & QR code & AC    1       1/0  
[INFO |05:52:17]  501  [SL-AUD-ETH] HF Speaker_1 test    1       1/0  
[INFO |05:52:17]  502  [SL-AUD-ETH] HS Speaker_2 test    1       1/0  
[INFO |05:52:17]  511  [SL-AUD-ETH] HF Mic_1 test        1       1/0  
[INFO |05:52:17]  512  [SL-AUD-ETH] HF Mic_2 test        1       1/0  
[INFO |05:52:17]  513  [SL-AUD-ETH] HS Mic_3 test        1       1/0  
[INFO |05:52:17]  520  [SL-AUD-ETH] HF Mic seal Test     1       1/0  
[INFO |05:52:17] 
[INFO |05:52:17] Time Elapsed: 284.212 sec [total]
[INFO |05:52:17] [[ETH] Check MAC & QR code & AC] 1.313 sec
[INFO |05:52:17] [[SL-AUD-ETH] HF Speaker_1 test] 26.904 sec
[INFO |05:52:17] [[SL-AUD-ETH] HS Speaker_2 test] 26.439 sec
[INFO |05:52:17] [[SL-AUD-ETH] HF Mic_1 test    ] 28.261 sec
[INFO |05:52:17] [[SL-AUD-ETH] HF Mic_2 test    ] 28.270 sec
[INFO |05:52:17] [[SL-AUD-ETH] HS Mic_3 test    ] 28.262 sec
[INFO |05:52:17] [[SL-AUD-ETH] HF Mic seal Test ] 2.0 min 17.116 sec
[INFO |05:52:17] [total                         ] 4.0 min 44.212 sec
[INFO |05:52:17] Total Test Items: [101, 501, 502, 511, 512, 513, 520]
[INFO |05:52:17] Pass Items: 101 501 502 511 512 513 520 
[INFO |05:52:17] Fail Items: 
[INFO |05:52:17] Skip Items: 
[INFO |05:52:17] TEST SUMMARY: PASS
[DEBUG|05:52:17] ===Test config==================================================================
[DEBUG|05:52:17] [General]
[DEBUG|05:52:17] android9=true
[DEBUG|05:52:17] product_name=utp-g3-touch-pro
[DEBUG|05:52:17] sku=UTP-G3-TOUCH-UL
[DEBUG|05:52:17] connect_type=ethernet
[DEBUG|05:52:17] top_level_bom=000-08323-01
[DEBUG|05:52:17] me_bom=300-01201-10
[DEBUG|05:52:17] [Firmware]
[DEBUG|05:52:17] product_name=utp_g3_pro
[DEBUG|05:52:17] sw_version=r011.20231201.102132
[DEBUG|05:52:17] bom_id=113-04247-11
[DEBUG|05:52:17] [shipping_fw_update]
[DEBUG|05:52:17] ip_host=192.168.1.193
[DEBUG|05:52:17] shipping_fw_dut_ip=192.168.1.220
[DEBUG|05:52:17] shipping_fw=
[DEBUG|05:52:17] sw_version=
[DEBUG|05:52:17] [FCD_FW]
[DEBUG|05:52:17] programmer=prog_emmc_firehose_8953_ddr.mbn
[DEBUG|05:52:17] cdt=rawprogram2_UTP_G3_PRO_v1.xml
[DEBUG|05:52:17] cdt_xml=patch2.xml
[DEBUG|05:52:17] img=rawprogram_unsparse.xml
[DEBUG|05:52:17] img_xml=patch0.xml
[DEBUG|05:52:17] expected_rsp_1=true
[DEBUG|05:52:17] expected_rsp_2=trigger_restart
[DEBUG|05:52:17] [fw_downgrade]
[DEBUG|05:52:17] ip_dut=192.168.1.220
[DEBUG|05:52:17] ip_host=192.168.1.193
[DEBUG|05:52:17] fw_downgrade=
[DEBUG|05:52:17] sw_version=V001
[DEBUG|05:52:17] [HW]
[DEBUG|05:52:17] emmc_criterion=[16000000, 32000000]
[DEBUG|05:52:17] ddr_criterion=[1600000, 3200000]
[DEBUG|05:52:17] [IP]
[DEBUG|05:52:17] dut=192.168.1.20
[DEBUG|05:52:17] localpc=192.168.1.112
[DEBUG|05:52:17] [func_power]
[DEBUG|05:52:17] switch_ip=192.168.1.2
[DEBUG|05:52:17] switch_id=ubnt
[DEBUG|05:52:17] switch_pw=ubnt
[DEBUG|05:52:17] switch_port_poe=1
[DEBUG|05:52:17] switch_port_poe_gu=3
[DEBUG|05:52:17] not_catch_sec=5
[DEBUG|05:52:17] test_duration_sec=5
[DEBUG|05:52:17] power_regular_criterion_watt=[4.5, 6.0]
[DEBUG|05:52:17] [ethernet]
[DEBUG|05:52:17] iperf_rx_crit=500
[DEBUG|05:52:17] iperf_tx_crit=600
[DEBUG|05:52:17] [BT_nRF5340]
[DEBUG|05:52:17] fw_netcore_file=net_core_app_signed.hex
[DEBUG|05:52:17] fw_app_file=merged.hex
[DEBUG|05:52:17] ota_fw_netcore_file=ble5-ctr_net_core_update.bin
[DEBUG|05:52:17] ota_fw_app_file=app_update.bin
[DEBUG|05:52:17] ota_fw_ver=0.0.9
[DEBUG|05:52:17] tb_fw_netcore=ble5-ctr-rpmsg_3330.hex
[DEBUG|05:52:17] tb_fw_app=zephyr_adk_non_bondable.hex
[DEBUG|05:52:17] shipping_fw_netcore_file=utp_g3_wall_1.3.7_net_core_app_update.bin
[DEBUG|05:52:17] shipping_fw_app_file=utp_g3_wall_1.3.7_app_update.bin
[DEBUG|05:52:17] shipping_fw_netcore_file2=utp_g3_wall_1.3.7_prod_net_core_app_update.bin
[DEBUG|05:52:17] shipping_fw_app_file2=utp_g3_wall_1.3.7_prod_app_update.bin
[DEBUG|05:52:17] shipping_fw_ver=1.3.7
[DEBUG|05:52:17] reset_wait=5
[DEBUG|05:52:17] [BT_nRF5340_RSSI]
[DEBUG|05:52:17] test_board_port=COM20
[DEBUG|05:52:17] rssi_tx_dbm_min=-68
[DEBUG|05:52:17] rssi_tx_dbm_max=-52
[DEBUG|05:52:17] rssi_rx_dbm_min=-68
[DEBUG|05:52:17] rssi_rx_dbm_max=-52
[DEBUG|05:52:17] [download_bt_fw]
[DEBUG|05:52:17] testing_bootloader=bootloader-uart-bgapi-efr32xG13.hex
[DEBUG|05:52:17] testing_ncp=ncp-empty-target_20200727_ctuneSteadyState300_PC10TX_PC11RX.hex
[DEBUG|05:52:17] shipping_bootloader=bootloader-uart-bgapi-combined.s37
[DEBUG|05:52:17] shipping_ncp=ncp-empty-target.s37
[DEBUG|05:52:17] bootloader_ver=17432576
[DEBUG|05:52:17] [led_test]
[DEBUG|05:52:17] brightness=100
[DEBUG|05:52:17] [vibrator_loop]
[DEBUG|05:52:17] vmax=2800
[DEBUG|05:52:17] duration=50
[DEBUG|05:52:17] interval=200
[DEBUG|05:52:17] [burn_in]
[DEBUG|05:52:17] length_csv=5000
[DEBUG|05:52:17] [audio_refmic_calibration_1]
[DEBUG|05:52:17] record_sec=5
[DEBUG|05:52:17] delay_start_record_sec=0.5
[DEBUG|05:52:17] standard_dbfs=-12
[DEBUG|05:52:17] error_dbfs=1
[DEBUG|05:52:17] record_file=stweep_calibrate_HF_mic.wav
[DEBUG|05:52:17] ref_mic_file=ref_mic_calibration1.txt
[DEBUG|05:52:17] input_device=(4- Roland Rubix 22)
[DEBUG|05:52:17] [audio_refmic_calibration_2]
[DEBUG|05:52:17] record_sec=5
[DEBUG|05:52:17] delay_start_record_sec=0.5
[DEBUG|05:52:17] standard_dbfs=-12
[DEBUG|05:52:17] error_dbfs=1
[DEBUG|05:52:17] record_file=stweep_calibrate_HS_mic.wav
[DEBUG|05:52:17] ref_mic_file=ref_mic_calibration2.txt
[DEBUG|05:52:17] input_device=(Roland Rubix 24)
[DEBUG|05:52:17] [audio_mouth_calibration_1]
[DEBUG|05:52:17] num_round=3
[DEBUG|05:52:17] record_sec=25
[DEBUG|05:52:17] delay_start_record_sec=1
[DEBUG|05:52:17] volume_dbfs=-20
[DEBUG|05:52:17] thdn_upper_bound_percentage=20
[DEBUG|05:52:17] src_file=stweep_1_12_OTC_0p2sec_HF_mouth.wav
[DEBUG|05:52:17] record_file=mouth_calibate_HF_mouth.wav
[DEBUG|05:52:17] criterion_ini=G3TouchPro_HF_mic_1_VN_20240504.ini
[DEBUG|05:52:17] ref_mic_file=ref_mic_calibration1.txt
[DEBUG|05:52:17] input_device=(4- Roland Rubix 22)
[DEBUG|05:52:17] output_device=PMA-60
[DEBUG|05:52:17] [audio_mouth_calibration_3]
[DEBUG|05:52:17] num_round=3
[DEBUG|05:52:17] record_sec=25
[DEBUG|05:52:17] delay_start_record_sec=1
[DEBUG|05:52:17] volume_dbfs=-20
[DEBUG|05:52:17] thdn_upper_bound_percentage=20
[DEBUG|05:52:17] src_file=stweep_1_12_OTC_0p2sec_HS_mouth.wav
[DEBUG|05:52:17] record_file=mouth_calibate_HS_mouth.wav
[DEBUG|05:52:17] criterion_ini=G3TouchPro_HS_mic_3_VN_20240504.ini
[DEBUG|05:52:17] ref_mic_file=ref_mic_calibration2.txt
[DEBUG|05:52:17] input_device=(4- Roland Rubix 22)
[DEBUG|05:52:17] output_device=NAD USB Audio
[DEBUG|05:52:17] [audio_spk_1_gu_compare]
[DEBUG|05:52:17] record_sec=25
[DEBUG|05:52:17] delay_start_record_sec=0
[DEBUG|05:52:17] volume_dut=62
[DEBUG|05:52:17] src_file=Stweep_10k-200_R40_200ms_44k_G3TouchPro.wav
[DEBUG|05:52:17] host_gu_wav_path=GU_HF_spk_1.wav
[DEBUG|05:52:17] criterion_ini=criteria_12th_octave_GU_compared_HF_SPK_1.ini
[DEBUG|05:52:17] ref_mic_file=ref_mic_calibration1.txt
[DEBUG|05:52:17] input_device=(Roland Rubix 22)
[DEBUG|05:52:17] [audio_spk_2_gu_compare]
[DEBUG|05:52:17] record_sec=25
[DEBUG|05:52:17] delay_start_record_sec=0
[DEBUG|05:52:17] volume_dut=62
[DEBUG|05:52:17] src_file=Stweep_10k-200_R40_200ms_44k_G3TouchPro.wav
[DEBUG|05:52:17] host_gu_wav_path=GU_HS_spk_2.wav
[DEBUG|05:52:17] criterion_ini=criteria_12th_octave_GU_compared_HS_SPK_2.ini
[DEBUG|05:52:17] ref_mic_file=ref_mic_calibration2.txt
[DEBUG|05:52:17] input_device=(Roland Rubix 24)
[DEBUG|05:52:17] [audio_mic_1_gu_compare]
[DEBUG|05:52:17] record_sec=25
[DEBUG|05:52:17] delay_start_record_sec=0
[DEBUG|05:52:17] volume_mic=68
[DEBUG|05:52:17] src_file=stweep_1_12_OTC_0p2sec_HF_mouth.wav
[DEBUG|05:52:17] dut_record_wav_path=/sdcard/dmic1.wav
[DEBUG|05:52:17] host_gu_wav_path=GU_HF_mic_1.wav
[DEBUG|05:52:17] criterion_ini=criteria_mic_1_gu_compare.ini
[DEBUG|05:52:17] ref_mic_file=ref_mic_calibration1.txt
[DEBUG|05:52:17] output_device=(PMA-60
[DEBUG|05:52:17] [audio_mic_2_gu_compare]
[DEBUG|05:52:17] record_sec=25
[DEBUG|05:52:17] delay_start_record_sec=0
[DEBUG|05:52:17] volume_mic=68
[DEBUG|05:52:17] src_file=stweep_1_12_OTC_0p2sec_HF_mouth.wav
[DEBUG|05:52:17] dut_record_wav_path=/sdcard/dmic1.wav
[DEBUG|05:52:17] host_gu_wav_path=GU_HF_mic_2.wav
[DEBUG|05:52:17] criterion_ini=criteria_mic_2_gu_compare.ini
[DEBUG|05:52:17] ref_mic_file=ref_mic_calibration1.txt
[DEBUG|05:52:17] output_device=(PMA-60
[DEBUG|05:52:17] [audio_mic_3_gu_compare]
[DEBUG|05:52:17] record_sec=25
[DEBUG|05:52:17] delay_start_record_sec=0
[DEBUG|05:52:17] volume_mic=68
[DEBUG|05:52:17] src_file=stweep_1_12_OTC_0p2sec_HS_mouth.wav
[DEBUG|05:52:17] dut_record_wav_path=/sdcard/dmic1.wav
[DEBUG|05:52:17] host_gu_wav_path=GU_HS_mic_3.wav
[DEBUG|05:52:17] criterion_ini=criteria_mic_3_gu_compare.ini
[DEBUG|05:52:17] ref_mic_file=ref_mic_calibration2.txt
[DEBUG|05:52:17] output_device=(2- PMA
[DEBUG|05:52:17] [audio_spk_1]
[DEBUG|05:52:17] record_sec=25
[DEBUG|05:52:17] delay_start_record_sec=0
[DEBUG|05:52:17] volume_dut=65
[DEBUG|05:52:17] src_file=Stweep_10k-200_R40_200ms_44k_G3TouchPro.wav
[DEBUG|05:52:17] criterion_ini=G3TouchPro_HF_SPK_1_VN_20250314.ini
[DEBUG|05:52:17] ref_mic_file=ref_mic_calibration1.txt
[DEBUG|05:52:17] input_device=(Roland Rubix 22)
[DEBUG|05:52:17] [audio_spk_2]
[DEBUG|05:52:17] record_sec=25
[DEBUG|05:52:17] delay_start_record_sec=0
[DEBUG|05:52:17] volume_dut=62
[DEBUG|05:52:17] src_file=Stweep_10k-200_R40_200ms_44k_G3TouchPro.wav
[DEBUG|05:52:17] criterion_ini=G3TouchPro_HS_SPK_2_VN_20240504.ini
[DEBUG|05:52:17] ref_mic_file=ref_mic_calibration2.txt
[DEBUG|05:52:17] input_device=(2- Roland Rubix 22)
[DEBUG|05:52:17] [audio_mic_1]
[DEBUG|05:52:17] record_sec=25
[DEBUG|05:52:17] delay_start_record_sec=0
[DEBUG|05:52:17] volume_mic=62
[DEBUG|05:52:17] src_file=stweep_1_12_OTC_0p2sec_HF_mouth.wav
[DEBUG|05:52:17] dut_record_wav_path=/sdcard/dmic1.wav
[DEBUG|05:52:17] criterion_ini=G3TouchPro_HF_mic_1_VN_20240504.ini
[DEBUG|05:52:17] ref_mic_file=ref_mic_calibration1.txt
[DEBUG|05:52:17] output_device=(4- PMA
[DEBUG|05:52:17] [audio_mic_2]
[DEBUG|05:52:17] record_sec=25
[DEBUG|05:52:17] delay_start_record_sec=0
[DEBUG|05:52:17] volume_mic=62
[DEBUG|05:52:17] src_file=stweep_1_12_OTC_0p2sec_HF_mouth.wav
[DEBUG|05:52:17] dut_record_wav_path=/sdcard/dmic1.wav
[DEBUG|05:52:17] criterion_ini=G3TouchPro_HF_mic_2_VN_20240504.ini
[DEBUG|05:52:17] ref_mic_file=ref_mic_calibration1.txt
[DEBUG|05:52:17] output_device=(4- PMA
[DEBUG|05:52:17] [audio_mic_3]
[DEBUG|05:52:17] record_sec=25
[DEBUG|05:52:17] delay_start_record_sec=0
[DEBUG|05:52:17] volume_mic=68
[DEBUG|05:52:17] src_file=stweep_1_12_OTC_0p2sec_HS_mouth.wav
[DEBUG|05:52:17] dut_record_wav_path=/sdcard/amic1.wav
[DEBUG|05:52:17] criterion_ini=G3TouchPro_HS_mic_3_VN_20240504.ini
[DEBUG|05:52:17] channel_lr=0
[DEBUG|05:52:17] ref_mic_file=ref_mic_calibration2.txt
[DEBUG|05:52:17] output_device=(5- PMA
[DEBUG|05:52:17] [audio_mic_seal]
[DEBUG|05:52:17] record_sec=25
[DEBUG|05:52:17] delay_start_record_sec=0
[DEBUG|05:52:17] volume_mic=80
[DEBUG|05:52:17] src_file=stweep_1_12_OTC_0p2sec_HF_mouth.wav
[DEBUG|05:52:17] dut_record_wav_path=/sdcard/dmic1.wav
[DEBUG|05:52:17] criterion_ini={'mic_1': 'G3TouchPro_HF_micSeal_1_VN_20240504.ini', 'mic_2': 'G3TouchPro_HF_micSeal_2_VN_20240504.ini'}
[DEBUG|05:52:17] output_devices={'mic_1': '(4- PMA', 'mic_2': '(4- PMA'}
[DEBUG|05:52:17] [bt_scan]
[DEBUG|05:52:17] ip_dut=192.168.1.51
[DEBUG|05:52:17] ip_test_tool=192.168.1.112
[DEBUG|05:52:17] id_test_tool=ubnt
[DEBUG|05:52:17] pw_test_tool=ubntubnt
[DEBUG|05:52:17] scan_timeout_sec_float=40
[DEBUG|05:52:17] rssi_duration_sec_float=10
[DEBUG|05:52:17] name_uck=UCKG2
[DEBUG|05:52:17] tx_rssi_en=False
[DEBUG|05:52:17] rx_rssi_criterion=[-68, -52]
[DEBUG|05:52:17] tx_rssi_criterion=[-68, -52]
[DEBUG|05:52:17] [wifi]
[DEBUG|05:52:17] eth_dut=192.168.1.24
[DEBUG|05:52:17] ip_dut=192.168.1.101
[DEBUG|05:52:17] test_2g_en=True
[DEBUG|05:52:17] test_5g_en=True
[DEBUG|05:52:17] test_rssi_tx_en=False
[DEBUG|05:52:17] test_rssi_rx_en=True
[DEBUG|05:52:17] test_tx_iperf_en=True
[DEBUG|05:52:17] test_rx_iperf_en=True
[DEBUG|05:52:17] ip_uap=192.168.1.38
[DEBUG|05:52:17] id_uap=ubnt
[DEBUG|05:52:17] pw_uap=ubntubnt
[DEBUG|05:52:17] ssid_2g=UAP-AC-HD_MARS_2G
[DEBUG|05:52:17] sspw_2g=ubntubnt
[DEBUG|05:52:17] ssid_5g=UAP-AC-HD_MARS_5G
[DEBUG|05:52:17] sspw_5g=ubntubnt
[DEBUG|05:52:17] delay_before_iperf=10
[DEBUG|05:52:17] tx_rssi_criterion_2g=[-79, -65]
[DEBUG|05:52:17] rx_rssi_criterion_2g=[-79, -65]
[DEBUG|05:52:17] iperf_criterion_2g=10
[DEBUG|05:52:17] tx_rssi_criterion_5g=[-79, -65]
[DEBUG|05:52:17] rx_rssi_criterion_5g=[-79, -65]
[DEBUG|05:52:17] iperf_criterion_5g=20
[DEBUG|05:52:17] [info]
[DEBUG|05:52:17] ip_address=192.168.1.100
[DEBUG|05:52:17] user=None
[DEBUG|05:52:17] password=None
[DEBUG|05:52:17] [camera_parameters]
[DEBUG|05:52:17] 1_source=android
[DEBUG|05:52:17] [test_stations_items]
[DEBUG|05:52:17] mtf=['1_mtf', '1_particle_auto', '1_dark_corner']
[DEBUG|05:52:17] write_tvl=False
[DEBUG|05:52:17] [AE_mtf]
[DEBUG|05:52:17] ae_sleep_sec=5
[DEBUG|05:52:17] [1_mtf_mtf_station]
[DEBUG|05:52:17] xy_center_roi=[1260, 972]
[DEBUG|05:52:17] xy_corner_roi=[[378, 291], [2142, 291], [378, 1652], [2142, 1652]]
[DEBUG|05:52:17] length_roi_preview_int=400
[DEBUG|05:52:17] length_roi_mtf_int=80
[DEBUG|05:52:17] fisheye_lens_bool=False
[DEBUG|05:52:17] mtf_result_type_str=tvl
[DEBUG|05:52:17] mtf_target_value_int=20
[DEBUG|05:52:17] mtf_target_freq_float=0.167
[DEBUG|05:52:17] mtf_target_channel_str=g
[DEBUG|05:52:17] canny_threshold_list=[120, 140]
[DEBUG|05:52:17] threshold_1_list=[3, 1]
[DEBUG|05:52:17] threshold_2_list=[4, 2]
[DEBUG|05:52:17] threshold_3_list=[2, 2]
[DEBUG|05:52:17] threshold_4_list=[0, 0]
[DEBUG|05:52:17] std_over_mean_criterion_float=0.3
[DEBUG|05:52:17] debug_img_flag=False
[DEBUG|05:52:17] mtf_center_criterion_float=900
[DEBUG|05:52:17] mtf_corner_criterion_float=600
[DEBUG|05:52:17] mtf_corner_diff_criterion_float=600
[DEBUG|05:52:17] y_white_center_criterion_int=225
[DEBUG|05:52:17] y_black_center_criterion_int=5
[DEBUG|05:52:17] y_white_corner_criterion_int=225
[DEBUG|05:52:17] y_black_corner_criterion_int=5
[DEBUG|05:52:17] direction_bool=True
[DEBUG|05:52:17] direction_criterion_list=['b->w', 'w->b', 'b->w', 'w->b', 'w->b']
[DEBUG|05:52:17] center_field_criterion_float=0.1
[DEBUG|05:52:17] corner_field_criterion_float=0.6
[DEBUG|05:52:17] angle_criterion_list=[1, 20]
[DEBUG|05:52:17] text_block_direction=[(0, 1), (0, 1), (0, 1), (0, -1), (0, -1)]
[DEBUG|05:52:17] distance_from_text_to_roi_int=100
[DEBUG|05:52:17] config_coordinate=(1440, 1440)
[DEBUG|05:52:17] font_sacle_roi_float=1
[DEBUG|05:52:17] font_thickness_roi_int=2
[DEBUG|05:52:17] font_sacle_config_float=0.8
[DEBUG|05:52:17] font_thickness_config_int=2
[DEBUG|05:52:17] [1_particle_auto]
[DEBUG|05:52:17] wait_duration_sec_int=0
[DEBUG|05:52:17] field_roi_w_float=1
[DEBUG|05:52:17] field_roi_h_float=1
[DEBUG|05:52:17] num_particle_criterion_int=0
[DEBUG|05:52:17] center_area_criterion_int=200
[DEBUG|05:52:17] fringe_area_criterion_int=1000
[DEBUG|05:52:17] dot_particle_criterion_int=5
[DEBUG|05:52:17] center_y_diff_criterion_int=5
[DEBUG|05:52:17] fringe_y_diff_criterion_int=9
[DEBUG|05:52:17] dot_particle_y_diff_criterion_int=15
[DEBUG|05:52:17] center_y_criterion_list=[170, 230]
[DEBUG|05:52:17] bypass_flag=False
[DEBUG|05:52:17] is_fisheye_bool=False
[DEBUG|05:52:17] circle_roi_diameter_int=2500
[DEBUG|05:52:17] center_block_size_int_odd=501
[DEBUG|05:52:17] fringe_block_size_int_odd=501
[DEBUG|05:52:17] dot_particle_block_size_int_odd=501
[DEBUG|05:52:17] threshold_type_str=gaussian
[DEBUG|05:52:17] center_ero_dila_int_list=[3, 2]
[DEBUG|05:52:17] fringe_ero_dila_int_list=[3, 2]
[DEBUG|05:52:17] dot_particle_ero_dila_int_list=[1, 0]
[DEBUG|05:52:17] debug_img_en=False
[DEBUG|05:52:17] contour_thickness_int=2
[DEBUG|05:52:17] [1_dark_corner]
[DEBUG|05:52:17] roi_area_ratio=0.0001
[DEBUG|05:52:17] corner_ratio_criterion=0.6
[DEBUG|05:52:17] center_ratio_criterion=0.3
[DEBUG|05:52:17] center_y_criterion=[128, 230]
[DEBUG|05:52:17] ri_uniformity_criterion=0.05
[DEBUG|05:52:17] bypass_flag=False
[DEBUG|05:52:17] [mode]
[DEBUG|05:52:17] eng_mode=False
[INFO |05:52:17] 
[INFO |05:52:17] ===Upload_to_taipei=============================================================
[INFO |05:52:17] Log File      : D:\FTU\FTU_efbb_1.0.24_3.18.16_UTP-G3-Touch-Pro\logs\9041B25CA6A2_20260405T054733+08_UniFiTalk.log
[INFO |05:52:17] Product       : UTP-G3-Touch-Pro
[INFO |05:52:17] MAC address   : 9041B25CA6A2
[INFO |05:52:17] QR code       : vMVhYU
[INFO |05:52:17] Activate code : 65wvxeca6
[INFO |05:52:17] Serial number : 
[INFO |05:52:17] FTU version   : FTU_efbb_1.0.24_3.18.16_UTP-G3-Touch-Pro
[INFO |05:52:17] System time   : 20260405T054733+08
[INFO |05:52:17] 
[DEBUG|05:52:17] upload_file_dict:
[DEBUG|05:52:17] log_path    : D:\FTU\FTU_efbb_1.0.24_3.18.16_UTP-G3-Touch-Pro\logs\9041B25CA6A2_20260405T054733+08_UniFiTalk.log
[DEBUG|05:52:17] upload_path : D:\FTU\FTU_efbb_1.0.24_3.18.16_UTP-G3-Touch-Pro\logs\upload\2026-04-05_05_47_33_657829_9041b25ca6a2\2026-04-05_05_47_33_657829_9041b25ca6a2_Pass.log
[DEBUG|05:52:17] log_path    : D:\FTU\FTU_efbb_1.0.24_3.18.16_UTP-G3-Touch-Pro\logs\9041B25CA6A2_20260405T054733+08_UniFiTalk.json
[DEBUG|05:52:17] upload_path : D:\FTU\FTU_efbb_1.0.24_3.18.16_UTP-G3-Touch-Pro\logs\upload\2026-04-05_05_47_33_657829_9041b25ca6a2\2026-04-05_05_47_33_657829_9041b25ca6a2_Pass.json

[Uploading] Send D:\FTU\FTU_efbb_1.0.24_3.18.16_UTP-G3-Touch-Pro\logs\upload\2026-04-05_05_52_17_895624_9041b25ca6a2.tar.gz To https://factory.dev.svc.ui.com/api/v1/uploadlog
[DEBUG|05:52:18] uploadproc = {'file': 'static/2026-04-05-05/MjAyNi0wNC0wNV8wNV81Ml8xN184OTU2MjRfOTA0MWIyNWNhNmEyLnRhci5neg/2026-04-05_05_52_17_895624_9041b25ca6a2.tar.gz', 'result': 'success', 'uploadpath': 'D:\\FTU\\FTU_efbb_1.0.24_3.18.16_UTP-G3-Touch-Pro\\logs\\upload\\2026-04-05_05_52_17_895624_9041b25ca6a2.tar.gz'}
[DEBUG|05:52:18] 
[INFO |05:52:18] [Upload_UI_taipei Success]
[INFO |05:52:18] Time Elapsed of uploading: 0.880 sec
[INFO |05:52:18] ===All DONE=====================================================================
